source_id,source_url,resolved_url,download_url,retrieved_at_utc,local_path,file_name,file_size_bytes,sha256,version_detected,download_status,failure_reason,license_or_citation,commit_raw_data
arcticgro_data_page,https://arcticgreatrivers.org/data/,https://arcticgreatrivers.org/data/,https://arcticgreatrivers.org/data/,2026-05-25T21:34:23Z,data/raw/arcticgro/arcticgro_data_page.html,arcticgro_data_page.html,51485,1d26a61d59a73a444932f5b886664169d8bfe1b6e0107949b05d17baa60b359e,,downloaded,,The Arctic Great Rivers Observatory; cite the dataset and Version YYYYMMDD from https://www.arcticgreatrivers.org/data/.,False
arcticgro_water_quality_current,https://arcticgreatrivers.org/water_data/,https://arcticgreatrivers.org/water_data/,https://arcticgreatrivers.org/water_data/,2026-05-25T21:34:29Z,data/raw/arcticgro/water_quality/arcticgro_water_quality_page.html,arcticgro_water_quality_page.html,2661056,dfcdbe719b396d796a62ada1c4df171c008f79ff2afd37754898c929f2fb588e,,downloaded,,The Arctic Great Rivers Observatory; cite the dataset and Version YYYYMMDD from https://www.arcticgreatrivers.org/data/.,False
arcticgro_water_quality_current,https://arcticgreatrivers.org/water_data/,https://doc-14-ag-sheets.googleusercontent.com/export/54bogvaave6cua4cdnls17ksc4/d5kh570tvfdj0vikjmi6jthceg/1779744865000/117706014996502971640/*/1zPVbl0sbqt-c5UJPbHqzV143LG72b5AZKAbay4Alv6M?format=xlsx,https://docs.google.com/spreadsheets/d/1zPVbl0sbqt-c5UJPbHqzV143LG72b5AZKAbay4Alv6M/export?format=xlsx,2026-05-25T21:34:34Z,data/raw/arcticgro/water_quality/arcticgro_water_quality_current.xlsx,arcticgro_water_quality_current.xlsx,502479,f6ea0bd0af981052c8d50623f1f4dc76efd154fc38b7edf2cdf8abef9c27223a,20250402,downloaded,,The Arctic Great Rivers Observatory; cite the dataset and Version YYYYMMDD from https://www.arcticgreatrivers.org/data/.,False
arcticgro_water_quality_parameter_descriptions,https://docs.google.com/spreadsheets/d/1b7T75PqEQIcNNBBeF0Ot1USRFcb9gUEjPfAQnP_1r40/edit?gid=2004373548,https://doc-0g-ag-sheets.googleusercontent.com/export/54bogvaave6cua4cdnls17ksc4/365j066o69868cf236b1vijh04/1779744870000/117706014996502971640/*/1b7T75PqEQIcNNBBeF0Ot1USRFcb9gUEjPfAQnP_1r40?format=xlsx,https://docs.google.com/spreadsheets/d/1b7T75PqEQIcNNBBeF0Ot1USRFcb9gUEjPfAQnP_1r40/export?format=xlsx,2026-05-25T21:34:39Z,data/raw/arcticgro/metadata/arcticgro_parameter_descriptions.xlsx,arcticgro_parameter_descriptions.xlsx,672340,21bcc9f4b37d103836558a71d004ecac34ae08dced9cdf246960c7b5a99cb420,,downloaded,,The Arctic Great Rivers Observatory; cite the dataset and Version YYYYMMDD from https://www.arcticgreatrivers.org/data/.,False
arcticgro_water_quality_metadata,https://drive.google.com/file/d/1C4uWkAxr6KRaInMTsGL1CQSApFOSDz4B/view,https://drive.usercontent.google.com/download?id=1C4uWkAxr6KRaInMTsGL1CQSApFOSDz4B&export=download,https://drive.google.com/uc?export=download&id=1C4uWkAxr6KRaInMTsGL1CQSApFOSDz4B,2026-05-25T21:34:43Z,data/raw/arcticgro/metadata/arcticgro_metadata.pdf,arcticgro_metadata.pdf,486795,23827dd1dd71645680de6c4a0b46bf2d123acffe75fb2cf7bca43e2b01da472f,,downloaded,,The Arctic Great Rivers Observatory; cite the dataset and Version YYYYMMDD from https://www.arcticgreatrivers.org/data/.,False
arcticgro_absorbance_current,https://docs.google.com/spreadsheets/d/1XJlxxnbL6ddSPWNH4YNcKkn29sVeoiCS0Cz6OyrBad4/edit,https://doc-04-ag-sheets.googleusercontent.com/export/54bogvaave6cua4cdnls17ksc4/ho61t99ahdmfdcdkpemmg5p38g/1779744880000/117706014996502971640/*/1XJlxxnbL6ddSPWNH4YNcKkn29sVeoiCS0Cz6OyrBad4?format=xlsx,https://docs.google.com/spreadsheets/d/1XJlxxnbL6ddSPWNH4YNcKkn29sVeoiCS0Cz6OyrBad4/export?format=xlsx,2026-05-25T21:34:48Z,data/raw/arcticgro/absorbance/arcticgro_absorbance_current.xlsx,arcticgro_absorbance_current.xlsx,993283,253d9f9df73a52d553521ec6e82b1cf951a0938e58dfc94e6c53ca3c4f66147c,20240402,downloaded,,The Arctic Great Rivers Observatory; cite the dataset and Version YYYYMMDD from https://www.arcticgreatrivers.org/data/.,False
arcticgro_discharge_current,https://arcticgreatrivers.org/discharge/,https://arcticgreatrivers.org/discharge/,https://arcticgreatrivers.org/discharge/,2026-05-25T21:39:15Z,data/raw/arcticgro/discharge/arcticgro_discharge_page.html,arcticgro_discharge_page.html,32043949,48dd622ce0eed2eba311aef4b2f7b167040ff223ec375eb996a3112b6527d372,,downloaded,,The Arctic Great Rivers Observatory; cite the dataset and Version YYYYMMDD from https://www.arcticgreatrivers.org/data/.,False
arcticgro_discharge_current,https://arcticgreatrivers.org/discharge/,https://arcticgreatrivers.org/discharge/,embedded:Ob_Salekhard_Version_20260210.xlsx,2026-05-25T21:39:15Z,data/raw/arcticgro/discharge/Ob_Salekhard_Version_20260210.xlsx,Ob_Salekhard_Version_20260210.xlsx,856374,3e180dce96c39b81868cacc7ec0c9cb1c96f33f939cc42fac6cb8b0eda0f4e50,20260210,downloaded,,The Arctic Great Rivers Observatory; cite the dataset and Version YYYYMMDD from https://www.arcticgreatrivers.org/data/.,False
arcticgro_discharge_current,https://arcticgreatrivers.org/discharge/,https://arcticgreatrivers.org/discharge/,embedded:Yenisei_Igarka_Version_20260210.xlsx,2026-05-25T21:39:16Z,data/raw/arcticgro/discharge/Yenisei_Igarka_Version_20260210.xlsx,Yenisei_Igarka_Version_20260210.xlsx,850860,0defe2594c476b0a0d1c84f42bf89c2e95269580f0dccfd18cf2b034e232236e,20260210,downloaded,,The Arctic Great Rivers Observatory; cite the dataset and Version YYYYMMDD from https://www.arcticgreatrivers.org/data/.,False
arcticgro_discharge_current,https://arcticgreatrivers.org/discharge/,https://arcticgreatrivers.org/discharge/,embedded:Lena_Kyusyur_Version_20260210.xlsx,2026-05-25T21:39:16Z,data/raw/arcticgro/discharge/Lena_Kyusyur_Version_20260210.xlsx,Lena_Kyusyur_Version_20260210.xlsx,867127,c3c1a73f28fa82fd78a23402e1e8ed421cb8902b378d73b45cd5881377d3cb8f,20260210,downloaded,,The Arctic Great Rivers Observatory; cite the dataset and Version YYYYMMDD from https://www.arcticgreatrivers.org/data/.,False
arcticgro_discharge_current,https://arcticgreatrivers.org/discharge/,https://arcticgreatrivers.org/discharge/,embedded:Kolyma_Kolymskoe_Version_20260210.xlsx,2026-05-25T21:39:16Z,data/raw/arcticgro/discharge/Kolyma_Kolymskoe_Version_20260210.xlsx,Kolyma_Kolymskoe_Version_20260210.xlsx,475040,e86f9d7805117c0c50c4f5d3b7cee5a3da565cd957d5f8c7638126303ff939c7,20260210,downloaded,,The Arctic Great Rivers Observatory; cite the dataset and Version YYYYMMDD from https://www.arcticgreatrivers.org/data/.,False
arcticgro_discharge_current,https://arcticgreatrivers.org/discharge/,https://arcticgreatrivers.org/discharge/,embedded:Yukon_PilotStation_Version_20260210.xlsx,2026-05-25T21:39:16Z,data/raw/arcticgro/discharge/Yukon_PilotStation_Version_20260210.xlsx,Yukon_PilotStation_Version_20260210.xlsx,493430,7460ccf9fda1d6f0b0d3dd4a15842875918c5e66802714c20867eefc929fe360,20260210,downloaded,,The Arctic Great Rivers Observatory; cite the dataset and Version YYYYMMDD from https://www.arcticgreatrivers.org/data/.,False
arcticgro_discharge_current,https://arcticgreatrivers.org/discharge/,https://arcticgreatrivers.org/discharge/,embedded:Mackenzie_ArcticRedRiver_Version_20260210.xlsx,2026-05-25T21:39:16Z,data/raw/arcticgro/discharge/Mackenzie_ArcticRedRiver_Version_20260210.xlsx,Mackenzie_ArcticRedRiver_Version_20260210.xlsx,545072,4f1ec55ced2b44a078f21da3b3b75c98073912be579f838e38523694c55c69c0,20260210,downloaded,,The Arctic Great Rivers Observatory; cite the dataset and Version YYYYMMDD from https://www.arcticgreatrivers.org/data/.,False
arcticgro_water_quality_archived,https://drive.google.com/drive/folders/1OeFu50hfKCoYZlf844pqMx1rNajsnF63,https://drive.google.com/drive/folders/1OeFu50hfKCoYZlf844pqMx1rNajsnF63,https://drive.google.com/drive/folders/1OeFu50hfKCoYZlf844pqMx1rNajsnF63,2026-05-25T21:42:17Z,,,,,,manual_required,Google Drive archive folder is not bulk-downloaded automatically.,The Arctic Great Rivers Observatory; cite the dataset and Version YYYYMMDD from https://www.arcticgreatrivers.org/data/.,False
arcticgro_absorbance_archived,https://drive.google.com/drive/folders/1OeFu50hfKCoYZlf844pqMx1rNajsnF63,https://drive.google.com/drive/folders/1OeFu50hfKCoYZlf844pqMx1rNajsnF63,https://drive.google.com/drive/folders/1OeFu50hfKCoYZlf844pqMx1rNajsnF63,2026-05-25T21:42:17Z,,,,,,manual_required,Google Drive archive folder is not bulk-downloaded automatically.,The Arctic Great Rivers Observatory; cite the dataset and Version YYYYMMDD from https://www.arcticgreatrivers.org/data/.,False
arcticgro_discharge_archived,https://drive.google.com/drive/folders/1OeFu50hfKCoYZlf844pqMx1rNajsnF63,https://drive.google.com/drive/folders/1OeFu50hfKCoYZlf844pqMx1rNajsnF63,https://drive.google.com/drive/folders/1OeFu50hfKCoYZlf844pqMx1rNajsnF63,2026-05-25T21:42:17Z,,,,,,manual_required,Google Drive archive folder is not bulk-downloaded automatically.,The Arctic Great Rivers Observatory; cite the dataset and Version YYYYMMDD from https://www.arcticgreatrivers.org/data/.,False
arcticgro_spatial_data,https://drive.google.com/drive/folders/1S-MAqA9ahewFhOb8yHEmMc-JC9jX6rwC,https://drive.google.com/drive/folders/1S-MAqA9ahewFhOb8yHEmMc-JC9jX6rwC,https://drive.google.com/drive/folders/1S-MAqA9ahewFhOb8yHEmMc-JC9jX6rwC,2026-05-25T21:42:17Z,,,,,,manual_required,Spatial folder may contain multiple files; manual review required before download.,The Arctic Great Rivers Observatory; cite the dataset and Version YYYYMMDD from https://www.arcticgreatrivers.org/data/.,False
arcticgro_water_quality_flags,https://arcticgreatrivers.org/water_data/,https://arcticgreatrivers.org/water_data/,https://arcticgreatrivers.org/water_data/,2026-05-25T21:42:17Z,,,,,,manual_required,Flag codes are extracted during preprocessing from the Water Quality workbook.,The Arctic Great Rivers Observatory; cite the dataset and Version YYYYMMDD from https://www.arcticgreatrivers.org/data/.,False
wqp_usgs_yukon_candidate,https://www.waterqualitydata.us/,,https://www.waterqualitydata.us/data/Result/search?countrycode=US&statecode=US%3A02&siteType=Stream&bBox=-164.2%2C61.2%2C-161.4%2C62.6&mimeType=csv&zip=no&characteristicName=Dissolved%20organic%20carbon&characteristicName=Organic%20carbon&characteristicName=Total%20organic%20carbon&characteristicName=Dissolved%20organic%20matter&characteristicName=UV%20Absorbance&characteristicName=Absorbance%20at%20254%20nm&characteristicName=Specific%20ultraviolet%20absorbance&characteristicName=Color&characteristicName=Turbidity&characteristicName=Suspended%20sediment%20concentration&characteristicName=Water%20temperature&characteristicName=Discharge,2026-05-25T21:42:17Z,data/raw_external/wqp_usgs/yukon_candidate_results.csv,yukon_candidate_results.csv,,,live_service_query,dry_run,Candidate query only; results need label QC before use.,Water Quality Portal / USGS candidate data.,False
datastream_mackenzie_candidate,https://datastream.org/en-ca/documentation/api,https://datastream.org/en-ca/documentation/api,https://datastream.org/en-ca/documentation/api,2026-05-25T21:42:17Z,data/raw_external/datastream_mackenzie/candidate_query_instructions.md,candidate_query_instructions.md,,,live_api,dry_run,Use DataStream API/hub search for Mackenzie DOC/TOC/CDOM/UV/turbidity candidates; keep candidate-only QC.,DataStream candidate metadata; verify API terms before redistribution.,False
partners_mdpi_eurasian_candidate,https://www.mdpi.com/,https://www.mdpi.com/,https://www.mdpi.com/,2026-05-25T21:42:17Z,data/raw_external/partners_mdpi/acquisition_instructions.md,acquisition_instructions.md,,,publication_supplement,dry_run,Search/download supplementary tables conservatively and preserve article/source citation before parsing.,Publication supplementary data; citation required.,False
gee_hls_s30_l30,https://developers.google.com/earth-engine/datasets/catalog/NASA_HLS_HLSS30_v002,https://developers.google.com/earth-engine/datasets/catalog/NASA_HLS_HLSS30_v002,"NASA/HLS/HLSS30/v002,NASA/HLS/HLSL30/v002",2026-05-25T21:42:17Z,data/interim/gee_optical/gee_hls_s30_l30_dry_run_plan.json,gee_hls_s30_l30_dry_run_plan.json,,,gee_collection,report_only,Earth Engine extraction not executed. rivers=all; years=2017-2025; roi_set=default. Authenticate EE before export.,Google Earth Engine source catalog; preserve image IDs.,False
gee_sentinel2_sr_harmonized,https://developers.google.com/earth-engine/datasets/catalog/COPERNICUS_S2_SR_HARMONIZED,https://developers.google.com/earth-engine/datasets/catalog/COPERNICUS_S2_SR_HARMONIZED,COPERNICUS/S2_SR_HARMONIZED,2026-05-25T21:42:17Z,data/interim/gee_optical/gee_sentinel2_sr_harmonized_dry_run_plan.json,gee_sentinel2_sr_harmonized_dry_run_plan.json,,,gee_collection,report_only,Earth Engine extraction not executed. rivers=all; years=2017-2025; roi_set=default. Authenticate EE before export.,Google Earth Engine source catalog; preserve image IDs.,False
gee_landsat_c2_l2,https://developers.google.com/earth-engine/datasets/catalog/LANDSAT_LC08_C02_T1_L2,https://developers.google.com/earth-engine/datasets/catalog/LANDSAT_LC08_C02_T1_L2,"LANDSAT/LT05/C02/T1_L2,LANDSAT/LE07/C02/T1_L2,LANDSAT/LC08/C02/T1_L2,LANDSAT/LC09/C02/T1_L2",2026-05-25T21:42:17Z,data/interim/gee_optical/gee_landsat_c2_l2_dry_run_plan.json,gee_landsat_c2_l2_dry_run_plan.json,,,gee_collection,report_only,Earth Engine extraction not executed. rivers=all; years=2017-2025; roi_set=default. Authenticate EE before export.,Google Earth Engine source catalog; preserve image IDs.,False
gee_era5_land,https://developers.google.com/earth-engine/datasets/catalog/ECMWF_ERA5_LAND_HOURLY,https://developers.google.com/earth-engine/datasets/catalog/ECMWF_ERA5_LAND_HOURLY,ECMWF/ERA5_LAND/HOURLY,2026-05-25T21:42:17Z,data/interim/gee_hydroclimate/gee_era5_land_dry_run_plan.json,gee_era5_land_dry_run_plan.json,,,gee_collection,report_only,Earth Engine hydroclimate extraction not executed. rivers=all; years=2000-2025; roi_set=basin.,Google Earth Engine source catalog; preserve collection and date.,False
gee_modis_mod10a1,https://developers.google.com/earth-engine/datasets/catalog/MODIS_061_MOD10A1,https://developers.google.com/earth-engine/datasets/catalog/MODIS_061_MOD10A1,MODIS/061/MOD10A1,2026-05-25T21:42:17Z,data/interim/gee_hydroclimate/gee_modis_mod10a1_dry_run_plan.json,gee_modis_mod10a1_dry_run_plan.json,,,gee_collection,report_only,Earth Engine hydroclimate extraction not executed. rivers=all; years=2000-2025; roi_set=basin.,Google Earth Engine source catalog; preserve collection and date.,False
gee_smap_context_optional,https://developers.google.com/earth-engine/datasets/catalog/NASA_SMAP_SPL3SMP_E_006,https://developers.google.com/earth-engine/datasets/catalog/NASA_SMAP_SPL3SMP_E_006,NASA/SMAP/SPL3SMP_E/006,2026-05-25T21:42:17Z,data/interim/gee_hydroclimate/gee_smap_context_optional_dry_run_plan.json,gee_smap_context_optional_dry_run_plan.json,,,gee_collection,report_only,Earth Engine hydroclimate extraction not executed. rivers=all; years=2000-2025; roi_set=basin.,Google Earth Engine source catalog; preserve collection and date.,False
hydrobasins,https://www.hydrosheds.org/products/hydrobasins,https://www.hydrosheds.org/products/hydrobasins,https://www.hydrosheds.org/products/hydrobasins,2026-05-25T21:42:17Z,data/raw_external/hydrosheds/hydrobasins_acquisition_instructions.json,hydrobasins_acquisition_instructions.json,,,,dry_run,Large HydroSHEDS products require size/license review; provide local files via configs/local_paths.yaml.,HydroSHEDS HydroBASINS/HydroATLAS; verify license before redistribution.,False
hydroatlas,https://www.hydrosheds.org/products/hydroatlas,https://www.hydrosheds.org/products/hydroatlas,https://www.hydrosheds.org/products/hydroatlas,2026-05-25T21:42:17Z,data/raw_external/hydrosheds/hydroatlas_acquisition_instructions.json,hydroatlas_acquisition_instructions.json,,,,dry_run,Large HydroSHEDS products require size/license review; provide local files via configs/local_paths.yaml.,HydroSHEDS HydroBASINS/HydroATLAS; verify license before redistribution.,False
old_arctic_doc_snowmelt_outputs,env:OLD_PROJECT_DIR,env:OLD_PROJECT_DIR/outputs/tables/extended_doc_label_inventory.csv,local-copy:env:OLD_PROJECT_DIR/outputs/tables/extended_doc_label_inventory.csv,2026-05-26T02:29:46Z,data/interim/reference_old_project/outputs/tables/extended_doc_label_inventory.csv,extended_doc_label_inventory.csv,3739,afbd808f34fae329879386dcc9715f1d3c565b69695f7f22f09a30ae02f5af4c,reference_only,downloaded,,Local old project reference only.,False
old_arctic_doc_snowmelt_outputs,env:OLD_PROJECT_DIR,env:OLD_PROJECT_DIR/outputs/tables/arcticgro_extended_doc_labels.csv,local-copy:env:OLD_PROJECT_DIR/outputs/tables/arcticgro_extended_doc_labels.csv,2026-05-26T02:29:46Z,data/interim/reference_old_project/outputs/tables/arcticgro_extended_doc_labels.csv,arcticgro_extended_doc_labels.csv,129659,a62d18f5fc513ff18b0b9076392b41a8fe50a4f533a243b840f422150786a9b2,reference_only,downloaded,,Local old project reference only.,False
old_arctic_doc_snowmelt_outputs,env:OLD_PROJECT_DIR,env:OLD_PROJECT_DIR/outputs/tables/arcticgro_absorbance_doc_features.csv,local-copy:env:OLD_PROJECT_DIR/outputs/tables/arcticgro_absorbance_doc_features.csv,2026-05-26T02:29:46Z,data/interim/reference_old_project/outputs/tables/arcticgro_absorbance_doc_features.csv,arcticgro_absorbance_doc_features.csv,362778,1f5d662848ed744a2007a32dead95621f848704b6a9a2e31d23e82d08f6f4d43,reference_only,downloaded,,Local old project reference only.,False
old_arctic_doc_snowmelt_outputs,env:OLD_PROJECT_DIR,env:OLD_PROJECT_DIR/outputs/tables/multiriver_run_summary.csv,local-copy:env:OLD_PROJECT_DIR/outputs/tables/multiriver_run_summary.csv,2026-05-26T02:29:46Z,data/interim/reference_old_project/outputs/tables/multiriver_run_summary.csv,multiriver_run_summary.csv,1240,25782035f9cea1a445b6e5b61e8f5ebcadf518aba19b207cffa96c060af1f403,reference_only,downloaded,,Local old project reference only.,False
old_arctic_doc_snowmelt_untrained_data,env:OLD_PROJECT_DIR,env:OLD_PROJECT_DIR/data/raw/arcticgro/arcticgro_discharge_page.html,local-copy:env:OLD_PROJECT_DIR/data/raw/arcticgro/arcticgro_discharge_page.html,2026-05-26T02:32:27Z,data/raw_external/old_project_snapshot/data/raw/arcticgro/arcticgro_discharge_page.html,arcticgro_discharge_page.html,32043949,48dd622ce0eed2eba311aef4b2f7b167040ff223ec375eb996a3112b6527d372,old_project_snapshot,downloaded,,Local old project untrained data snapshot; reference only.,False
old_arctic_doc_snowmelt_untrained_data,env:OLD_PROJECT_DIR,env:OLD_PROJECT_DIR/data/raw/arcticgro/arcticgro_input_template.csv,local-copy:env:OLD_PROJECT_DIR/data/raw/arcticgro/arcticgro_input_template.csv,2026-05-26T02:32:27Z,data/raw_external/old_project_snapshot/data/raw/arcticgro/arcticgro_input_template.csv,arcticgro_input_template.csv,52,62fff02810ea060ecc2f86ee6fdfb255f5881756be187925bcf7ee7f77c90253,old_project_snapshot,downloaded,,Local old project untrained data snapshot; reference only.,False
old_arctic_doc_snowmelt_untrained_data,env:OLD_PROJECT_DIR,env:OLD_PROJECT_DIR/data/raw/arcticgro/arcticgro_parameter_description_20250402.csv,local-copy:env:OLD_PROJECT_DIR/data/raw/arcticgro/arcticgro_parameter_description_20250402.csv,2026-05-26T02:32:27Z,data/raw_external/old_project_snapshot/data/raw/arcticgro/arcticgro_parameter_description_20250402.csv,arcticgro_parameter_description_20250402.csv,3685,c904fb873d95f56bc3cfd94453a2defab7528c93df7b58d5aeafa957697d194e,old_project_snapshot,downloaded,,Local old project untrained data snapshot; reference only.,False
old_arctic_doc_snowmelt_untrained_data,env:OLD_PROJECT_DIR,env:OLD_PROJECT_DIR/data/raw/arcticgro/arcticgro_water_quality_20250402.csv,local-copy:env:OLD_PROJECT_DIR/data/raw/arcticgro/arcticgro_water_quality_20250402.csv,2026-05-26T02:32:27Z,data/raw_external/old_project_snapshot/data/raw/arcticgro/arcticgro_water_quality_20250402.csv,arcticgro_water_quality_20250402.csv,40494,055d66897e5488934332d9facabbb911f245448b1bfc4bbf1aef37f603ae7067,old_project_snapshot,downloaded,,Local old project untrained data snapshot; reference only.,False
old_arctic_doc_snowmelt_untrained_data,env:OLD_PROJECT_DIR,env:OLD_PROJECT_DIR/data/raw/arcticgro/arcticgro_water_quality_20250402.xlsx,local-copy:env:OLD_PROJECT_DIR/data/raw/arcticgro/arcticgro_water_quality_20250402.xlsx,2026-05-26T02:32:28Z,data/raw_external/old_project_snapshot/data/raw/arcticgro/arcticgro_water_quality_20250402.xlsx,arcticgro_water_quality_20250402.xlsx,502479,638a928d983649b7fa3b2258edcc50bb1775ef1c3383f09a181a1a161cfaad12,old_project_snapshot,downloaded,,Local old project untrained data snapshot; reference only.,False
old_arctic_doc_snowmelt_untrained_data,env:OLD_PROJECT_DIR,env:OLD_PROJECT_DIR/data/raw/arcticgro/Kolyma_Kolymskoe_Version_20260210.xlsx,local-copy:env:OLD_PROJECT_DIR/data/raw/arcticgro/Kolyma_Kolymskoe_Version_20260210.xlsx,2026-05-26T02:32:28Z,data/raw_external/old_project_snapshot/data/raw/arcticgro/Kolyma_Kolymskoe_Version_20260210.xlsx,Kolyma_Kolymskoe_Version_20260210.xlsx,475040,e86f9d7805117c0c50c4f5d3b7cee5a3da565cd957d5f8c7638126303ff939c7,old_project_snapshot,downloaded,,Local old project untrained data snapshot; reference only.,False
old_arctic_doc_snowmelt_untrained_data,env:OLD_PROJECT_DIR,env:OLD_PROJECT_DIR/data/raw/arcticgro/Kolyma_Srednekolymsk_Version_20260210.xlsx,local-copy:env:OLD_PROJECT_DIR/data/raw/arcticgro/Kolyma_Srednekolymsk_Version_20260210.xlsx,2026-05-26T02:32:28Z,data/raw_external/old_project_snapshot/data/raw/arcticgro/Kolyma_Srednekolymsk_Version_20260210.xlsx,Kolyma_Srednekolymsk_Version_20260210.xlsx,920422,678a667ffec32e97f8e2caf92c478bd9f3aebeca27ee3dcbaade15c945c5e394,old_project_snapshot,downloaded,,Local old project untrained data snapshot; reference only.,False
old_arctic_doc_snowmelt_untrained_data,env:OLD_PROJECT_DIR,env:OLD_PROJECT_DIR/data/raw/arcticgro/Lena_Kyusyur_Version_20260210.xlsx,local-copy:env:OLD_PROJECT_DIR/data/raw/arcticgro/Lena_Kyusyur_Version_20260210.xlsx,2026-05-26T02:32:28Z,data/raw_external/old_project_snapshot/data/raw/arcticgro/Lena_Kyusyur_Version_20260210.xlsx,Lena_Kyusyur_Version_20260210.xlsx,867127,c3c1a73f28fa82fd78a23402e1e8ed421cb8902b378d73b45cd5881377d3cb8f,old_project_snapshot,downloaded,,Local old project untrained data snapshot; reference only.,False
old_arctic_doc_snowmelt_untrained_data,env:OLD_PROJECT_DIR,env:OLD_PROJECT_DIR/data/raw/arcticgro/Mackenzie_ArcticRedRiver_Version_20260210.xlsx,local-copy:env:OLD_PROJECT_DIR/data/raw/arcticgro/Mackenzie_ArcticRedRiver_Version_20260210.xlsx,2026-05-26T02:32:28Z,data/raw_external/old_project_snapshot/data/raw/arcticgro/Mackenzie_ArcticRedRiver_Version_20260210.xlsx,Mackenzie_ArcticRedRiver_Version_20260210.xlsx,545072,4f1ec55ced2b44a078f21da3b3b75c98073912be579f838e38523694c55c69c0,old_project_snapshot,downloaded,,Local old project untrained data snapshot; reference only.,False
old_arctic_doc_snowmelt_untrained_data,env:OLD_PROJECT_DIR,env:OLD_PROJECT_DIR/data/raw/arcticgro/Ob_Salekhard_Version_20260210.xlsx,local-copy:env:OLD_PROJECT_DIR/data/raw/arcticgro/Ob_Salekhard_Version_20260210.xlsx,2026-05-26T02:32:28Z,data/raw_external/old_project_snapshot/data/raw/arcticgro/Ob_Salekhard_Version_20260210.xlsx,Ob_Salekhard_Version_20260210.xlsx,856374,3e180dce96c39b81868cacc7ec0c9cb1c96f33f939cc42fac6cb8b0eda0f4e50,old_project_snapshot,downloaded,,Local old project untrained data snapshot; reference only.,False
old_arctic_doc_snowmelt_untrained_data,env:OLD_PROJECT_DIR,env:OLD_PROJECT_DIR/data/raw/arcticgro/README_DOWNLOAD_ARCTICGRO.md,local-copy:env:OLD_PROJECT_DIR/data/raw/arcticgro/README_DOWNLOAD_ARCTICGRO.md,2026-05-26T02:32:28Z,data/raw_external/old_project_snapshot/data/raw/arcticgro/README_DOWNLOAD_ARCTICGRO.md,README_DOWNLOAD_ARCTICGRO.md,1302,a92c13b17597c22ed1cac5a9bed2d6104a3aeb487326fb50ecb34ef2b0d2976f,old_project_snapshot,downloaded,,Local old project untrained data snapshot; reference only.,False
old_arctic_doc_snowmelt_untrained_data,env:OLD_PROJECT_DIR,env:OLD_PROJECT_DIR/data/raw/arcticgro/Yenisei_Igarka_Version_20260210.xlsx,local-copy:env:OLD_PROJECT_DIR/data/raw/arcticgro/Yenisei_Igarka_Version_20260210.xlsx,2026-05-26T02:32:28Z,data/raw_external/old_project_snapshot/data/raw/arcticgro/Yenisei_Igarka_Version_20260210.xlsx,Yenisei_Igarka_Version_20260210.xlsx,850860,0defe2594c476b0a0d1c84f42bf89c2e95269580f0dccfd18cf2b034e232236e,old_project_snapshot,downloaded,,Local old project untrained data snapshot; reference only.,False
old_arctic_doc_snowmelt_untrained_data,env:OLD_PROJECT_DIR,env:OLD_PROJECT_DIR/data/raw/arcticgro/Yukon_PilotStation_Version_20260210.xlsx,local-copy:env:OLD_PROJECT_DIR/data/raw/arcticgro/Yukon_PilotStation_Version_20260210.xlsx,2026-05-26T02:32:28Z,data/raw_external/old_project_snapshot/data/raw/arcticgro/Yukon_PilotStation_Version_20260210.xlsx,Yukon_PilotStation_Version_20260210.xlsx,493430,7460ccf9fda1d6f0b0d3dd4a15842875918c5e66802714c20867eefc929fe360,old_project_snapshot,downloaded,,Local old project untrained data snapshot; reference only.,False
old_arctic_doc_snowmelt_untrained_data,env:OLD_PROJECT_DIR,env:OLD_PROJECT_DIR/data/raw_external/arcticgro/absorbance/arcticgro_absorbance_20260520_212754.xlsx,local-copy:env:OLD_PROJECT_DIR/data/raw_external/arcticgro/absorbance/arcticgro_absorbance_20260520_212754.xlsx,2026-05-26T02:32:28Z,data/raw_external/old_project_snapshot/data/raw_external/arcticgro/absorbance/arcticgro_absorbance_20260520_212754.xlsx,arcticgro_absorbance_20260520_212754.xlsx,993283,d991efa4c5089e75fe1c600441aeff5f4dbd19e60181784c5ece9a5e456f8612,old_project_snapshot,downloaded,,Local old project untrained data snapshot; reference only.,False
old_arctic_doc_snowmelt_untrained_data,env:OLD_PROJECT_DIR,env:OLD_PROJECT_DIR/data/raw_external/arcticgro/water_quality/arcticgro_water_quality_20250402.csv,local-copy:env:OLD_PROJECT_DIR/data/raw_external/arcticgro/water_quality/arcticgro_water_quality_20250402.csv,2026-05-26T02:32:28Z,data/raw_external/old_project_snapshot/data/raw_external/arcticgro/water_quality/arcticgro_water_quality_20250402.csv,arcticgro_water_quality_20250402.csv,40494,055d66897e5488934332d9facabbb911f245448b1bfc4bbf1aef37f603ae7067,old_project_snapshot,downloaded,,Local old project untrained data snapshot; reference only.,False
old_arctic_doc_snowmelt_untrained_data,env:OLD_PROJECT_DIR,env:OLD_PROJECT_DIR/data/interim/auto_roi_center_channel.geojson,local-copy:env:OLD_PROJECT_DIR/data/interim/auto_roi_center_channel.geojson,2026-05-26T02:32:28Z,data/raw_external/old_project_snapshot/data/interim/auto_roi_center_channel.geojson,auto_roi_center_channel.geojson,56504,e4153923ca4a22c3f685eaeafa4be6ff28d2005c714357ac4f3c50566136b918,old_project_snapshot,downloaded,,Local old project untrained data snapshot; reference only.,False
old_arctic_doc_snowmelt_untrained_data,env:OLD_PROJECT_DIR,env:OLD_PROJECT_DIR/data/interim/auto_roi_qc_metrics.csv,local-copy:env:OLD_PROJECT_DIR/data/interim/auto_roi_qc_metrics.csv,2026-05-26T02:32:28Z,data/raw_external/old_project_snapshot/data/interim/auto_roi_qc_metrics.csv,auto_roi_qc_metrics.csv,567,12e01e206bc6829147cc3c20ba283007031f34164c7f3a4070ea8c4b27fc7d6a,old_project_snapshot,downloaded,,Local old project untrained data snapshot; reference only.,False
old_arctic_doc_snowmelt_untrained_data,env:OLD_PROJECT_DIR,env:OLD_PROJECT_DIR/data/interim/auxiliary_context_annual.csv,local-copy:env:OLD_PROJECT_DIR/data/interim/auxiliary_context_annual.csv,2026-05-26T02:32:28Z,data/raw_external/old_project_snapshot/data/interim/auxiliary_context_annual.csv,auxiliary_context_annual.csv,3889,d2af956cd73b622d42ff4893ecf7a3334aa23b2bf65b30fa704a69cd19d02b58,old_project_snapshot,downloaded,,Local old project untrained data snapshot; reference only.,False
old_arctic_doc_snowmelt_untrained_data,env:OLD_PROJECT_DIR,env:OLD_PROJECT_DIR/data/interim/auxiliary_context_static.csv,local-copy:env:OLD_PROJECT_DIR/data/interim/auxiliary_context_static.csv,2026-05-26T02:32:28Z,data/raw_external/old_project_snapshot/data/interim/auxiliary_context_static.csv,auxiliary_context_static.csv,3832,54b1115cec22c8e44a1ebbd8398e2873534aa486596ceb555a49a17709584660,old_project_snapshot,downloaded,,Local old project untrained data snapshot; reference only.,False
old_arctic_doc_snowmelt_untrained_data,env:OLD_PROJECT_DIR,env:OLD_PROJECT_DIR/data/interim/auxiliary_smap_soil_moisture_daily.csv,local-copy:env:OLD_PROJECT_DIR/data/interim/auxiliary_smap_soil_moisture_daily.csv,2026-05-26T02:32:28Z,data/raw_external/old_project_snapshot/data/interim/auxiliary_smap_soil_moisture_daily.csv,auxiliary_smap_soil_moisture_daily.csv,1088437,6dcfb4ecf6abc386f2c9b04cc74ee61a560851f5cc31605a8c57b642f7e2ad07,old_project_snapshot,downloaded,,Local old project untrained data snapshot; reference only.,False
old_arctic_doc_snowmelt_untrained_data,env:OLD_PROJECT_DIR,env:OLD_PROJECT_DIR/data/interim/by_river/kolyma/auto_roi_center_channel.geojson,local-copy:env:OLD_PROJECT_DIR/data/interim/by_river/kolyma/auto_roi_center_channel.geojson,2026-05-26T02:32:28Z,data/raw_external/old_project_snapshot/data/interim/by_river/kolyma/auto_roi_center_channel.geojson,auto_roi_center_channel.geojson,49051,5944442b5c46a1f1e5357fc0a42dd8fdd974a72b27fa09a6d2f39198774ef350,old_project_snapshot,downloaded,,Local old project untrained data snapshot; reference only.,False
old_arctic_doc_snowmelt_untrained_data,env:OLD_PROJECT_DIR,env:OLD_PROJECT_DIR/data/interim/by_river/kolyma/auto_roi_qc_metrics.csv,local-copy:env:OLD_PROJECT_DIR/data/interim/by_river/kolyma/auto_roi_qc_metrics.csv,2026-05-26T02:32:28Z,data/raw_external/old_project_snapshot/data/interim/by_river/kolyma/auto_roi_qc_metrics.csv,auto_roi_qc_metrics.csv,556,0fba077e4e0202dc9eba9e38e2146d88f38178cd0b4a384555a6df70dd78a179,old_project_snapshot,downloaded,,Local old project untrained data snapshot; reference only.,False
old_arctic_doc_snowmelt_untrained_data,env:OLD_PROJECT_DIR,env:OLD_PROJECT_DIR/data/interim/by_river/kolyma/daily_hydroclimate_features.csv,local-copy:env:OLD_PROJECT_DIR/data/interim/by_river/kolyma/daily_hydroclimate_features.csv,2026-05-26T02:32:28Z,data/raw_external/old_project_snapshot/data/interim/by_river/kolyma/daily_hydroclimate_features.csv,daily_hydroclimate_features.csv,269055,5ab5d8050b6bf64599afcd863c27d0fd3010d2e0061621ef59b105730db567ab,old_project_snapshot,downloaded,,Local old project untrained data snapshot; reference only.,False
old_arctic_doc_snowmelt_untrained_data,env:OLD_PROJECT_DIR,env:OLD_PROJECT_DIR/data/interim/by_river/kolyma/era5_land_daily.csv,local-copy:env:OLD_PROJECT_DIR/data/interim/by_river/kolyma/era5_land_daily.csv,2026-05-26T02:32:28Z,data/raw_external/old_project_snapshot/data/interim/by_river/kolyma/era5_land_daily.csv,era5_land_daily.csv,185479,9a10d8faf984b5439b3f2ea2c6bea85900efa044ccd4ea9b5021314d548b3095,old_project_snapshot,downloaded,,Local old project untrained data snapshot; reference only.,False
old_arctic_doc_snowmelt_untrained_data,env:OLD_PROJECT_DIR,env:OLD_PROJECT_DIR/data/interim/by_river/kolyma/final_primary_roi.geojson,local-copy:env:OLD_PROJECT_DIR/data/interim/by_river/kolyma/final_primary_roi.geojson,2026-05-26T02:32:28Z,data/raw_external/old_project_snapshot/data/interim/by_river/kolyma/final_primary_roi.geojson,final_primary_roi.geojson,589077,9709fabc169047eaac42dd691df1dd61aa60b3392febe3cb83b65e87713677bb,old_project_snapshot,downloaded,,Local old project untrained data snapshot; reference only.,False
old_arctic_doc_snowmelt_untrained_data,env:OLD_PROJECT_DIR,env:OLD_PROJECT_DIR/data/interim/by_river/kolyma/final_relaxed_roi.geojson,local-copy:env:OLD_PROJECT_DIR/data/interim/by_river/kolyma/final_relaxed_roi.geojson,2026-05-26T02:32:28Z,data/raw_external/old_project_snapshot/data/interim/by_river/kolyma/final_relaxed_roi.geojson,final_relaxed_roi.geojson,458352,2ab885338c0437b9947557450aa1f40800d9bc0c878e0e34dba8bc0a08c3dc63,old_project_snapshot,downloaded,,Local old project untrained data snapshot; reference only.,False
old_arctic_doc_snowmelt_untrained_data,env:OLD_PROJECT_DIR,env:OLD_PROJECT_DIR/data/interim/by_river/kolyma/final_strict_roi.geojson,local-copy:env:OLD_PROJECT_DIR/data/interim/by_river/kolyma/final_strict_roi.geojson,2026-05-26T02:32:28Z,data/raw_external/old_project_snapshot/data/interim/by_river/kolyma/final_strict_roi.geojson,final_strict_roi.geojson,561261,b4f773014037d48477f1682f33c8c349d3f60f5c0d847eb0884b9705bc13f21e,old_project_snapshot,downloaded,,Local old project untrained data snapshot; reference only.,False
old_arctic_doc_snowmelt_untrained_data,env:OLD_PROJECT_DIR,env:OLD_PROJECT_DIR/data/interim/by_river/kolyma/hls_features.csv,local-copy:env:OLD_PROJECT_DIR/data/interim/by_river/kolyma/hls_features.csv,2026-05-26T02:32:28Z,data/raw_external/old_project_snapshot/data/interim/by_river/kolyma/hls_features.csv,hls_features.csv,368559,bd5aecc85fe73e0a4725c8e9f8f19a532d768c7233eec63207750164ca442b87,old_project_snapshot,downloaded,,Local old project untrained data snapshot; reference only.,False
old_arctic_doc_snowmelt_untrained_data,env:OLD_PROJECT_DIR,env:OLD_PROJECT_DIR/data/interim/by_river/kolyma/hls_reflectance_timeseries.csv,local-copy:env:OLD_PROJECT_DIR/data/interim/by_river/kolyma/hls_reflectance_timeseries.csv,2026-05-26T02:32:28Z,data/raw_external/old_project_snapshot/data/interim/by_river/kolyma/hls_reflectance_timeseries.csv,hls_reflectance_timeseries.csv,2215926,51537b7a8e7bb8fc03e9bfdb66fbf837c74dcae9996c4de6789cb0288e8b5196,old_project_snapshot,downloaded,,Local old project untrained data snapshot; reference only.,False
old_arctic_doc_snowmelt_untrained_data,env:OLD_PROJECT_DIR,env:OLD_PROJECT_DIR/data/interim/by_river/kolyma/initial_roi_buffer.geojson,local-copy:env:OLD_PROJECT_DIR/data/interim/by_river/kolyma/initial_roi_buffer.geojson,2026-05-26T02:32:28Z,data/raw_external/old_project_snapshot/data/interim/by_river/kolyma/initial_roi_buffer.geojson,initial_roi_buffer.geojson,38263,c58accaf59213506d93cc4a0213fb1131fd3675d95e1387060e7d933412dc006,old_project_snapshot,downloaded,,Local old project untrained data snapshot; reference only.,False
old_arctic_doc_snowmelt_untrained_data,env:OLD_PROJECT_DIR,env:OLD_PROJECT_DIR/data/interim/by_river/kolyma/main_channel_corridor.geojson,local-copy:env:OLD_PROJECT_DIR/data/interim/by_river/kolyma/main_channel_corridor.geojson,2026-05-26T02:32:28Z,data/raw_external/old_project_snapshot/data/interim/by_river/kolyma/main_channel_corridor.geojson,main_channel_corridor.geojson,7426,c5de92d7061cc0bbab08f793004d75819f44c6f915be2b9076568d2340acbc23,old_project_snapshot,downloaded,,Local old project untrained data snapshot; reference only.,False
old_arctic_doc_snowmelt_untrained_data,env:OLD_PROJECT_DIR,env:OLD_PROJECT_DIR/data/interim/by_river/kolyma/modis_snow_daily.csv,local-copy:env:OLD_PROJECT_DIR/data/interim/by_river/kolyma/modis_snow_daily.csv,2026-05-26T02:32:28Z,data/raw_external/old_project_snapshot/data/interim/by_river/kolyma/modis_snow_daily.csv,modis_snow_daily.csv,55791,8c86d0facd357a1e6652bce4bf021a9b04fe2d8bf478755668c48fe96e6501d2,old_project_snapshot,downloaded,,Local old project untrained data snapshot; reference only.,False
old_arctic_doc_snowmelt_untrained_data,env:OLD_PROJECT_DIR,env:OLD_PROJECT_DIR/data/interim/by_river/kolyma/roi_candidates_core.geojson,local-copy:env:OLD_PROJECT_DIR/data/interim/by_river/kolyma/roi_candidates_core.geojson,2026-05-26T02:32:28Z,data/raw_external/old_project_snapshot/data/interim/by_river/kolyma/roi_candidates_core.geojson,roi_candidates_core.geojson,1909823,ad0abc5a15d5701a645ace78a4f4f379f5e93b71b9fc8a136bfbfb88487de0ae,old_project_snapshot,downloaded,,Local old project untrained data snapshot; reference only.,False
old_arctic_doc_snowmelt_untrained_data,env:OLD_PROJECT_DIR,env:OLD_PROJECT_DIR/data/interim/by_river/kolyma/roi_candidates_exploratory.geojson,local-copy:env:OLD_PROJECT_DIR/data/interim/by_river/kolyma/roi_candidates_exploratory.geojson,2026-05-26T02:32:29Z,data/raw_external/old_project_snapshot/data/interim/by_river/kolyma/roi_candidates_exploratory.geojson,roi_candidates_exploratory.geojson,2454907,82d8e3e5a193adc9e2779d341943bc76391b3f7c0ad5e3872996d748209c712f,old_project_snapshot,downloaded,,Local old project untrained data snapshot; reference only.,False
old_arctic_doc_snowmelt_untrained_data,env:OLD_PROJECT_DIR,env:OLD_PROJECT_DIR/data/interim/by_river/kolyma/roi_candidates_relaxed.geojson,local-copy:env:OLD_PROJECT_DIR/data/interim/by_river/kolyma/roi_candidates_relaxed.geojson,2026-05-26T02:32:29Z,data/raw_external/old_project_snapshot/data/interim/by_river/kolyma/roi_candidates_relaxed.geojson,roi_candidates_relaxed.geojson,2082144,82845ae954d6496b59d21ec9a643d94f83d8c33200a5be5b9c27c01028db822e,old_project_snapshot,downloaded,,Local old project untrained data snapshot; reference only.,False
old_arctic_doc_snowmelt_untrained_data,env:OLD_PROJECT_DIR,env:OLD_PROJECT_DIR/data/interim/by_river/kolyma/roi_core_constrained.geojson,local-copy:env:OLD_PROJECT_DIR/data/interim/by_river/kolyma/roi_core_constrained.geojson,2026-05-26T02:32:29Z,data/raw_external/old_project_snapshot/data/interim/by_river/kolyma/roi_core_constrained.geojson,roi_core_constrained.geojson,588643,7f80ece97f098fef6b2afb5485f9e04e0d454c02d923a486c92005d28a80aff3,old_project_snapshot,downloaded,,Local old project untrained data snapshot; reference only.,False
old_arctic_doc_snowmelt_untrained_data,env:OLD_PROJECT_DIR,env:OLD_PROJECT_DIR/data/interim/by_river/kolyma/roi_relaxed_constrained.geojson,local-copy:env:OLD_PROJECT_DIR/data/interim/by_river/kolyma/roi_relaxed_constrained.geojson,2026-05-26T02:32:29Z,data/raw_external/old_project_snapshot/data/interim/by_river/kolyma/roi_relaxed_constrained.geojson,roi_relaxed_constrained.geojson,458240,009bc8b91302aed5251307b65feeb3dfa7faf20744f64b8c0eaf567731dc1cd4,old_project_snapshot,downloaded,,Local old project untrained data snapshot; reference only.,False
old_arctic_doc_snowmelt_untrained_data,env:OLD_PROJECT_DIR,env:OLD_PROJECT_DIR/data/interim/by_river/kolyma/smap_soil_moisture_daily.csv,local-copy:env:OLD_PROJECT_DIR/data/interim/by_river/kolyma/smap_soil_moisture_daily.csv,2026-05-26T02:32:29Z,data/raw_external/old_project_snapshot/data/interim/by_river/kolyma/smap_soil_moisture_daily.csv,smap_soil_moisture_daily.csv,190060,2fb7666b309fc9576061814ca0c56a2cf00dd1cc78f5448959d6dd78571d8e08,old_project_snapshot,downloaded,,Local old project untrained data snapshot; reference only.,False
old_arctic_doc_snowmelt_untrained_data,env:OLD_PROJECT_DIR,env:OLD_PROJECT_DIR/data/interim/by_river/kolyma/station_point.geojson,local-copy:env:OLD_PROJECT_DIR/data/interim/by_river/kolyma/station_point.geojson,2026-05-26T02:32:29Z,data/raw_external/old_project_snapshot/data/interim/by_river/kolyma/station_point.geojson,station_point.geojson,375,202667cdb518ed6a1861750552e053b477dd9a04c425e1f2e85d3c88e266425f,old_project_snapshot,downloaded,,Local old project untrained data snapshot; reference only.,False
old_arctic_doc_snowmelt_untrained_data,env:OLD_PROJECT_DIR,env:OLD_PROJECT_DIR/data/interim/by_river/lena/auto_roi_center_channel.geojson,local-copy:env:OLD_PROJECT_DIR/data/interim/by_river/lena/auto_roi_center_channel.geojson,2026-05-26T02:32:29Z,data/raw_external/old_project_snapshot/data/interim/by_river/lena/auto_roi_center_channel.geojson,auto_roi_center_channel.geojson,26625,07c8433364cbd4545b216b7dc57340ddf43f3af8589890c9e3ab343709f6c36b,old_project_snapshot,downloaded,,Local old project untrained data snapshot; reference only.,False
old_arctic_doc_snowmelt_untrained_data,env:OLD_PROJECT_DIR,env:OLD_PROJECT_DIR/data/interim/by_river/lena/auto_roi_qc_metrics.csv,local-copy:env:OLD_PROJECT_DIR/data/interim/by_river/lena/auto_roi_qc_metrics.csv,2026-05-26T02:32:29Z,data/raw_external/old_project_snapshot/data/interim/by_river/lena/auto_roi_qc_metrics.csv,auto_roi_qc_metrics.csv,570,82f1ed0ec2c2deba585c1cb5776b8573caae68658fcff1abf7b7a915c0cf1d41,old_project_snapshot,downloaded,,Local old project untrained data snapshot; reference only.,False
old_arctic_doc_snowmelt_untrained_data,env:OLD_PROJECT_DIR,env:OLD_PROJECT_DIR/data/interim/by_river/lena/core_rescue.geojson,local-copy:env:OLD_PROJECT_DIR/data/interim/by_river/lena/core_rescue.geojson,2026-05-26T02:32:29Z,data/raw_external/old_project_snapshot/data/interim/by_river/lena/core_rescue.geojson,core_rescue.geojson,33755,44ea2dfb53f282e08235a7c723cf11650eb9d570077424866cc170650575fb72,old_project_snapshot,downloaded,,Local old project untrained data snapshot; reference only.,False
old_arctic_doc_snowmelt_untrained_data,env:OLD_PROJECT_DIR,env:OLD_PROJECT_DIR/data/interim/by_river/lena/daily_hydroclimate_features.csv,local-copy:env:OLD_PROJECT_DIR/data/interim/by_river/lena/daily_hydroclimate_features.csv,2026-05-26T02:32:29Z,data/raw_external/old_project_snapshot/data/interim/by_river/lena/daily_hydroclimate_features.csv,daily_hydroclimate_features.csv,263153,abf107953cd1a1296a49e1ea525a6b019bf5793152e9130281bfa3ff717da86d,old_project_snapshot,downloaded,,Local old project untrained data snapshot; reference only.,False
old_arctic_doc_snowmelt_untrained_data,env:OLD_PROJECT_DIR,env:OLD_PROJECT_DIR/data/interim/by_river/lena/era5_land_daily.csv,local-copy:env:OLD_PROJECT_DIR/data/interim/by_river/lena/era5_land_daily.csv,2026-05-26T02:32:29Z,data/raw_external/old_project_snapshot/data/interim/by_river/lena/era5_land_daily.csv,era5_land_daily.csv,184826,d847fd87a3a9a976aac880424699d8f6018bc90c038dbb02fc19426ea0d0b816,old_project_snapshot,downloaded,,Local old project untrained data snapshot; reference only.,False
old_arctic_doc_snowmelt_untrained_data,env:OLD_PROJECT_DIR,env:OLD_PROJECT_DIR/data/interim/by_river/lena/final_primary_roi.geojson,local-copy:env:OLD_PROJECT_DIR/data/interim/by_river/lena/final_primary_roi.geojson,2026-05-26T02:32:29Z,data/raw_external/old_project_snapshot/data/interim/by_river/lena/final_primary_roi.geojson,final_primary_roi.geojson,47023,6ec7cf8e3f836a6ba2ebca3debe69b10ec921a17a7a4ed502df46decca1448a3,old_project_snapshot,downloaded,,Local old project untrained data snapshot; reference only.,False
old_arctic_doc_snowmelt_untrained_data,env:OLD_PROJECT_DIR,env:OLD_PROJECT_DIR/data/interim/by_river/lena/final_relaxed_roi.geojson,local-copy:env:OLD_PROJECT_DIR/data/interim/by_river/lena/final_relaxed_roi.geojson,2026-05-26T02:32:29Z,data/raw_external/old_project_snapshot/data/interim/by_river/lena/final_relaxed_roi.geojson,final_relaxed_roi.geojson,46692,67f3a7bdab4a2d375c5ec4a86cae420805ece9cb54098a3bff524af027882c7a,old_project_snapshot,downloaded,,Local old project untrained data snapshot; reference only.,False
old_arctic_doc_snowmelt_untrained_data,env:OLD_PROJECT_DIR,env:OLD_PROJECT_DIR/data/interim/by_river/lena/final_strict_roi.geojson,local-copy:env:OLD_PROJECT_DIR/data/interim/by_river/lena/final_strict_roi.geojson,2026-05-26T02:32:29Z,data/raw_external/old_project_snapshot/data/interim/by_river/lena/final_strict_roi.geojson,final_strict_roi.geojson,6484,a201b88a8d6f46034ce5a44e3609658c19520da8b1e49a9cd0d71fc60b9ba661,old_project_snapshot,downloaded,,Local old project untrained data snapshot; reference only.,False
old_arctic_doc_snowmelt_untrained_data,env:OLD_PROJECT_DIR,env:OLD_PROJECT_DIR/data/interim/by_river/lena/hls_features.csv,local-copy:env:OLD_PROJECT_DIR/data/interim/by_river/lena/hls_features.csv,2026-05-26T02:32:29Z,data/raw_external/old_project_snapshot/data/interim/by_river/lena/hls_features.csv,hls_features.csv,407590,8c17978a401ec72d2e3ba758ac620b1aa136c9168aafce3a9de860890506df3f,old_project_snapshot,downloaded,,Local old project untrained data snapshot; reference only.,False
old_arctic_doc_snowmelt_untrained_data,env:OLD_PROJECT_DIR,env:OLD_PROJECT_DIR/data/interim/by_river/lena/hls_reflectance_timeseries.csv,local-copy:env:OLD_PROJECT_DIR/data/interim/by_river/lena/hls_reflectance_timeseries.csv,2026-05-26T02:32:29Z,data/raw_external/old_project_snapshot/data/interim/by_river/lena/hls_reflectance_timeseries.csv,hls_reflectance_timeseries.csv,2230118,83f5e399f001a9c6438204d0b60da4ae45e78d7dfef36371cbbf7b7865833ed6,old_project_snapshot,downloaded,,Local old project untrained data snapshot; reference only.,False
old_arctic_doc_snowmelt_untrained_data,env:OLD_PROJECT_DIR,env:OLD_PROJECT_DIR/data/interim/by_river/lena/initial_roi_buffer.geojson,local-copy:env:OLD_PROJECT_DIR/data/interim/by_river/lena/initial_roi_buffer.geojson,2026-05-26T02:32:29Z,data/raw_external/old_project_snapshot/data/interim/by_river/lena/initial_roi_buffer.geojson,initial_roi_buffer.geojson,38300,a45a93213791ea81157569b6115d407ee91b26878d7ad388e4cc0cdc35d78783,old_project_snapshot,downloaded,,Local old project untrained data snapshot; reference only.,False
old_arctic_doc_snowmelt_untrained_data,env:OLD_PROJECT_DIR,env:OLD_PROJECT_DIR/data/interim/by_river/lena/main_channel_corridor.geojson,local-copy:env:OLD_PROJECT_DIR/data/interim/by_river/lena/main_channel_corridor.geojson,2026-05-26T02:32:29Z,data/raw_external/old_project_snapshot/data/interim/by_river/lena/main_channel_corridor.geojson,main_channel_corridor.geojson,7429,000604ad2f44a488f7211eff2565eb6ba882aa214a3f6cfbb218f2ad9eda0942,old_project_snapshot,downloaded,,Local old project untrained data snapshot; reference only.,False
old_arctic_doc_snowmelt_untrained_data,env:OLD_PROJECT_DIR,env:OLD_PROJECT_DIR/data/interim/by_river/lena/modis_snow_daily.csv,local-copy:env:OLD_PROJECT_DIR/data/interim/by_river/lena/modis_snow_daily.csv,2026-05-26T02:32:29Z,data/raw_external/old_project_snapshot/data/interim/by_river/lena/modis_snow_daily.csv,modis_snow_daily.csv,49934,21864b0201ab2423814745472b511834b24b860e6e620b6d61daaa2ddd25d515,old_project_snapshot,downloaded,,Local old project untrained data snapshot; reference only.,False
old_arctic_doc_snowmelt_untrained_data,env:OLD_PROJECT_DIR,env:OLD_PROJECT_DIR/data/interim/by_river/lena/relaxed_rescue.geojson,local-copy:env:OLD_PROJECT_DIR/data/interim/by_river/lena/relaxed_rescue.geojson,2026-05-26T02:32:29Z,data/raw_external/old_project_snapshot/data/interim/by_river/lena/relaxed_rescue.geojson,relaxed_rescue.geojson,46584,028529b4ca3318938a172e983ddf73f95af17abef85c9ad26800fe87b1150df6,old_project_snapshot,downloaded,,Local old project untrained data snapshot; reference only.,False
old_arctic_doc_snowmelt_untrained_data,env:OLD_PROJECT_DIR,env:OLD_PROJECT_DIR/data/interim/by_river/lena/roi_candidates_core.geojson,local-copy:env:OLD_PROJECT_DIR/data/interim/by_river/lena/roi_candidates_core.geojson,2026-05-26T02:32:29Z,data/raw_external/old_project_snapshot/data/interim/by_river/lena/roi_candidates_core.geojson,roi_candidates_core.geojson,627117,b5c5457af573d3bcf89516e5c79edf2b53c94bfe634ca815e241fd5c089cb5c0,old_project_snapshot,downloaded,,Local old project untrained data snapshot; reference only.,False
old_arctic_doc_snowmelt_untrained_data,env:OLD_PROJECT_DIR,env:OLD_PROJECT_DIR/data/interim/by_river/lena/roi_candidates_exploratory.geojson,local-copy:env:OLD_PROJECT_DIR/data/interim/by_river/lena/roi_candidates_exploratory.geojson,2026-05-26T02:32:29Z,data/raw_external/old_project_snapshot/data/interim/by_river/lena/roi_candidates_exploratory.geojson,roi_candidates_exploratory.geojson,667010,c8b3d8e5c2acb79c63b7e4aae1f9fa4e9648afb3ea24dee98d6df22540fe8558,old_project_snapshot,downloaded,,Local old project untrained data snapshot; reference only.,False
old_arctic_doc_snowmelt_untrained_data,env:OLD_PROJECT_DIR,env:OLD_PROJECT_DIR/data/interim/by_river/lena/roi_candidates_relaxed.geojson,local-copy:env:OLD_PROJECT_DIR/data/interim/by_river/lena/roi_candidates_relaxed.geojson,2026-05-26T02:32:29Z,data/raw_external/old_project_snapshot/data/interim/by_river/lena/roi_candidates_relaxed.geojson,roi_candidates_relaxed.geojson,582368,399eaf2cf0500550a8d3e9ea320adecea6b6cdbc4802443c18dd107f4d29a852,old_project_snapshot,downloaded,,Local old project untrained data snapshot; reference only.,False
old_arctic_doc_snowmelt_untrained_data,env:OLD_PROJECT_DIR,env:OLD_PROJECT_DIR/data/interim/by_river/lena/roi_core_constrained.geojson,local-copy:env:OLD_PROJECT_DIR/data/interim/by_river/lena/roi_core_constrained.geojson,2026-05-26T02:32:29Z,data/raw_external/old_project_snapshot/data/interim/by_river/lena/roi_core_constrained.geojson,roi_core_constrained.geojson,6386,c2972ca2b85eeffcb68009533ec1cb66f2bb810b5c76e8a582cbc16a849fbe49,old_project_snapshot,downloaded,,Local old project untrained data snapshot; reference only.,False
old_arctic_doc_snowmelt_untrained_data,env:OLD_PROJECT_DIR,env:OLD_PROJECT_DIR/data/interim/by_river/lena/roi_relaxed_constrained.geojson,local-copy:env:OLD_PROJECT_DIR/data/interim/by_river/lena/roi_relaxed_constrained.geojson,2026-05-26T02:32:29Z,data/raw_external/old_project_snapshot/data/interim/by_river/lena/roi_relaxed_constrained.geojson,roi_relaxed_constrained.geojson,303164,8eead469e51696dfea1f00489d6bd5d2a6b03409d0b8708f37c8fd305c1f86dc,old_project_snapshot,downloaded,,Local old project untrained data snapshot; reference only.,False
old_arctic_doc_snowmelt_untrained_data,env:OLD_PROJECT_DIR,env:OLD_PROJECT_DIR/data/interim/by_river/lena/sentinel2_reflectance_final_primary.csv,local-copy:env:OLD_PROJECT_DIR/data/interim/by_river/lena/sentinel2_reflectance_final_primary.csv,2026-05-26T02:32:29Z,data/raw_external/old_project_snapshot/data/interim/by_river/lena/sentinel2_reflectance_final_primary.csv,sentinel2_reflectance_final_primary.csv,294359,64fcf7fbdbac4fe5bc6ab8e78d92461fc9a5f5e0c312e8faca48b95edc8fd319,old_project_snapshot,downloaded,,Local old project untrained data snapshot; reference only.,False
old_arctic_doc_snowmelt_untrained_data,env:OLD_PROJECT_DIR,env:OLD_PROJECT_DIR/data/interim/by_river/lena/smap_soil_moisture_daily.csv,local-copy:env:OLD_PROJECT_DIR/data/interim/by_river/lena/smap_soil_moisture_daily.csv,2026-05-26T02:32:29Z,data/raw_external/old_project_snapshot/data/interim/by_river/lena/smap_soil_moisture_daily.csv,smap_soil_moisture_daily.csv,186484,a9db4abfe20714a0bb6154628cb679004b359814efac568c6434c0a3c9f625a2,old_project_snapshot,downloaded,,Local old project untrained data snapshot; reference only.,False
old_arctic_doc_snowmelt_untrained_data,env:OLD_PROJECT_DIR,env:OLD_PROJECT_DIR/data/interim/by_river/lena/station_point.geojson,local-copy:env:OLD_PROJECT_DIR/data/interim/by_river/lena/station_point.geojson,2026-05-26T02:32:29Z,data/raw_external/old_project_snapshot/data/interim/by_river/lena/station_point.geojson,station_point.geojson,375,7c917d6504b8457e594ca14b15c6e1cf0e5531ce723760e8fd678c57caeeb5a4,old_project_snapshot,downloaded,,Local old project untrained data snapshot; reference only.,False
old_arctic_doc_snowmelt_untrained_data,env:OLD_PROJECT_DIR,env:OLD_PROJECT_DIR/data/interim/by_river/mackenzie/auto_roi_center_channel.geojson,local-copy:env:OLD_PROJECT_DIR/data/interim/by_river/mackenzie/auto_roi_center_channel.geojson,2026-05-26T02:32:29Z,data/raw_external/old_project_snapshot/data/interim/by_river/mackenzie/auto_roi_center_channel.geojson,auto_roi_center_channel.geojson,56504,e4153923ca4a22c3f685eaeafa4be6ff28d2005c714357ac4f3c50566136b918,old_project_snapshot,downloaded,,Local old project untrained data snapshot; reference only.,False
old_arctic_doc_snowmelt_untrained_data,env:OLD_PROJECT_DIR,env:OLD_PROJECT_DIR/data/interim/by_river/mackenzie/auto_roi_qc_metrics.csv,local-copy:env:OLD_PROJECT_DIR/data/interim/by_river/mackenzie/auto_roi_qc_metrics.csv,2026-05-26T02:32:30Z,data/raw_external/old_project_snapshot/data/interim/by_river/mackenzie/auto_roi_qc_metrics.csv,auto_roi_qc_metrics.csv,567,12e01e206bc6829147cc3c20ba283007031f34164c7f3a4070ea8c4b27fc7d6a,old_project_snapshot,downloaded,,Local old project untrained data snapshot; reference only.,False
old_arctic_doc_snowmelt_untrained_data,env:OLD_PROJECT_DIR,env:OLD_PROJECT_DIR/data/interim/by_river/mackenzie/daily_hydroclimate_features.csv,local-copy:env:OLD_PROJECT_DIR/data/interim/by_river/mackenzie/daily_hydroclimate_features.csv,2026-05-26T02:32:30Z,data/raw_external/old_project_snapshot/data/interim/by_river/mackenzie/daily_hydroclimate_features.csv,daily_hydroclimate_features.csv,265333,1236bdaafd4a57753ce6b6db1fb95d79f663ef2322c2ec880f91451dd27b2db9,old_project_snapshot,downloaded,,Local old project untrained data snapshot; reference only.,False
old_arctic_doc_snowmelt_untrained_data,env:OLD_PROJECT_DIR,env:OLD_PROJECT_DIR/data/interim/by_river/mackenzie/era5_land_daily.csv,local-copy:env:OLD_PROJECT_DIR/data/interim/by_river/mackenzie/era5_land_daily.csv,2026-05-26T02:32:30Z,data/raw_external/old_project_snapshot/data/interim/by_river/mackenzie/era5_land_daily.csv,era5_land_daily.csv,185895,08d29bd41655aa69480c9aa204be20e303aaff91d82b67dad2d4e94cf545748b,old_project_snapshot,downloaded,,Local old project untrained data snapshot; reference only.,False
old_arctic_doc_snowmelt_untrained_data,env:OLD_PROJECT_DIR,env:OLD_PROJECT_DIR/data/interim/by_river/mackenzie/final_primary_roi.geojson,local-copy:env:OLD_PROJECT_DIR/data/interim/by_river/mackenzie/final_primary_roi.geojson,2026-05-26T02:32:30Z,data/raw_external/old_project_snapshot/data/interim/by_river/mackenzie/final_primary_roi.geojson,final_primary_roi.geojson,500136,d79f668d6cd9ebaab11e50d7cedda4e1748a3ade3d8329b97d4f87986d1aa431,old_project_snapshot,downloaded,,Local old project untrained data snapshot; reference only.,False
old_arctic_doc_snowmelt_untrained_data,env:OLD_PROJECT_DIR,env:OLD_PROJECT_DIR/data/interim/by_river/mackenzie/final_relaxed_roi.geojson,local-copy:env:OLD_PROJECT_DIR/data/interim/by_river/mackenzie/final_relaxed_roi.geojson,2026-05-26T02:32:30Z,data/raw_external/old_project_snapshot/data/interim/by_river/mackenzie/final_relaxed_roi.geojson,final_relaxed_roi.geojson,501612,2551506117922f665b779323ad8b455a1316c5bf7088faf793fb082eefbb3f89,old_project_snapshot,downloaded,,Local old project untrained data snapshot; reference only.,False
old_arctic_doc_snowmelt_untrained_data,env:OLD_PROJECT_DIR,env:OLD_PROJECT_DIR/data/interim/by_river/mackenzie/final_strict_roi.geojson,local-copy:env:OLD_PROJECT_DIR/data/interim/by_river/mackenzie/final_strict_roi.geojson,2026-05-26T02:32:30Z,data/raw_external/old_project_snapshot/data/interim/by_river/mackenzie/final_strict_roi.geojson,final_strict_roi.geojson,572685,d17c09d8aea8a31396884f7cd882414c8e1a817bebf0f8dafbafae297c27125b,old_project_snapshot,downloaded,,Local old project untrained data snapshot; reference only.,False
old_arctic_doc_snowmelt_untrained_data,env:OLD_PROJECT_DIR,env:OLD_PROJECT_DIR/data/interim/by_river/mackenzie/hls_features.csv,local-copy:env:OLD_PROJECT_DIR/data/interim/by_river/mackenzie/hls_features.csv,2026-05-26T02:32:30Z,data/raw_external/old_project_snapshot/data/interim/by_river/mackenzie/hls_features.csv,hls_features.csv,350905,e9a736a5af4c92940bf64ebd8e9813d0fb873e1931a3b5ceeb634a9325f82c75,old_project_snapshot,downloaded,,Local old project untrained data snapshot; reference only.,False
old_arctic_doc_snowmelt_untrained_data,env:OLD_PROJECT_DIR,env:OLD_PROJECT_DIR/data/interim/by_river/mackenzie/hls_reflectance_timeseries.csv,local-copy:env:OLD_PROJECT_DIR/data/interim/by_river/mackenzie/hls_reflectance_timeseries.csv,2026-05-26T02:32:30Z,data/raw_external/old_project_snapshot/data/interim/by_river/mackenzie/hls_reflectance_timeseries.csv,hls_reflectance_timeseries.csv,2252264,f40e0955906780d141aa05a3cc9e586811d4ff0fac7e82e26b38846c1b5766f0,old_project_snapshot,downloaded,,Local old project untrained data snapshot; reference only.,False
old_arctic_doc_snowmelt_untrained_data,env:OLD_PROJECT_DIR,env:OLD_PROJECT_DIR/data/interim/by_river/mackenzie/initial_roi_buffer.geojson,local-copy:env:OLD_PROJECT_DIR/data/interim/by_river/mackenzie/initial_roi_buffer.geojson,2026-05-26T02:32:30Z,data/raw_external/old_project_snapshot/data/interim/by_river/mackenzie/initial_roi_buffer.geojson,initial_roi_buffer.geojson,38662,a43c7f09e48eb79b60b536d831bc4e6df4b3473743260e6b1b12aebe2362ba57,old_project_snapshot,downloaded,,Local old project untrained data snapshot; reference only.,False
old_arctic_doc_snowmelt_untrained_data,env:OLD_PROJECT_DIR,env:OLD_PROJECT_DIR/data/interim/by_river/mackenzie/main_channel_corridor.geojson,local-copy:env:OLD_PROJECT_DIR/data/interim/by_river/mackenzie/main_channel_corridor.geojson,2026-05-26T02:32:30Z,data/raw_external/old_project_snapshot/data/interim/by_river/mackenzie/main_channel_corridor.geojson,main_channel_corridor.geojson,7984,6515980c879ed25b7ef7536cf5c84606fafdbb9c893451ffd6c1f044976c6c81,old_project_snapshot,downloaded,,Local old project untrained data snapshot; reference only.,False
old_arctic_doc_snowmelt_untrained_data,env:OLD_PROJECT_DIR,env:OLD_PROJECT_DIR/data/interim/by_river/mackenzie/modis_snow_daily.csv,local-copy:env:OLD_PROJECT_DIR/data/interim/by_river/mackenzie/modis_snow_daily.csv,2026-05-26T02:32:30Z,data/raw_external/old_project_snapshot/data/interim/by_river/mackenzie/modis_snow_daily.csv,modis_snow_daily.csv,51306,5dd041b052d1d038c5a95b7825bb33040ee2895748d967de42c2c195713c914b,old_project_snapshot,downloaded,,Local old project untrained data snapshot; reference only.,False
old_arctic_doc_snowmelt_untrained_data,env:OLD_PROJECT_DIR,env:OLD_PROJECT_DIR/data/interim/by_river/mackenzie/roi_candidates_core.geojson,local-copy:env:OLD_PROJECT_DIR/data/interim/by_river/mackenzie/roi_candidates_core.geojson,2026-05-26T02:32:30Z,data/raw_external/old_project_snapshot/data/interim/by_river/mackenzie/roi_candidates_core.geojson,roi_candidates_core.geojson,1267793,a2c4804f8d3f97192d42cf1d9607a0eb03036163413e3b3842f1e3f8e12b96b6,old_project_snapshot,downloaded,,Local old project untrained data snapshot; reference only.,False
old_arctic_doc_snowmelt_untrained_data,env:OLD_PROJECT_DIR,env:OLD_PROJECT_DIR/data/interim/by_river/mackenzie/roi_candidates_exploratory.geojson,local-copy:env:OLD_PROJECT_DIR/data/interim/by_river/mackenzie/roi_candidates_exploratory.geojson,2026-05-26T02:32:30Z,data/raw_external/old_project_snapshot/data/interim/by_river/mackenzie/roi_candidates_exploratory.geojson,roi_candidates_exploratory.geojson,1532652,f1a236dd3b6e43b17fc7a075ccba1a25658011273977bc16c38174999ec33f12,old_project_snapshot,downloaded,,Local old project untrained data snapshot; reference only.,False
old_arctic_doc_snowmelt_untrained_data,env:OLD_PROJECT_DIR,env:OLD_PROJECT_DIR/data/interim/by_river/mackenzie/roi_candidates_relaxed.geojson,local-copy:env:OLD_PROJECT_DIR/data/interim/by_river/mackenzie/roi_candidates_relaxed.geojson,2026-05-26T02:32:30Z,data/raw_external/old_project_snapshot/data/interim/by_river/mackenzie/roi_candidates_relaxed.geojson,roi_candidates_relaxed.geojson,1542191,0e0143997c5cddcb10df62293adb8741eff1aff067e1c092fae86de4039e4372,old_project_snapshot,downloaded,,Local old project untrained data snapshot; reference only.,False
old_arctic_doc_snowmelt_untrained_data,env:OLD_PROJECT_DIR,env:OLD_PROJECT_DIR/data/interim/by_river/mackenzie/roi_core_constrained.geojson,local-copy:env:OLD_PROJECT_DIR/data/interim/by_river/mackenzie/roi_core_constrained.geojson,2026-05-26T02:32:30Z,data/raw_external/old_project_snapshot/data/interim/by_river/mackenzie/roi_core_constrained.geojson,roi_core_constrained.geojson,499770,9d8cf911f1ca5a822247706d6bb936ac95709f655710df5ed95a92ff49bab7c9,old_project_snapshot,downloaded,,Local old project untrained data snapshot; reference only.,False
old_arctic_doc_snowmelt_untrained_data,env:OLD_PROJECT_DIR,env:OLD_PROJECT_DIR/data/interim/by_river/mackenzie/roi_relaxed_constrained.geojson,local-copy:env:OLD_PROJECT_DIR/data/interim/by_river/mackenzie/roi_relaxed_constrained.geojson,2026-05-26T02:32:30Z,data/raw_external/old_project_snapshot/data/interim/by_river/mackenzie/roi_relaxed_constrained.geojson,roi_relaxed_constrained.geojson,501568,610477a9f5fee1264a854b804e1b62dbd8de23557d7ca1a923735e944bc856bd,old_project_snapshot,downloaded,,Local old project untrained data snapshot; reference only.,False
old_arctic_doc_snowmelt_untrained_data,env:OLD_PROJECT_DIR,env:OLD_PROJECT_DIR/data/interim/by_river/mackenzie/smap_soil_moisture_daily.csv,local-copy:env:OLD_PROJECT_DIR/data/interim/by_river/mackenzie/smap_soil_moisture_daily.csv,2026-05-26T02:32:30Z,data/raw_external/old_project_snapshot/data/interim/by_river/mackenzie/smap_soil_moisture_daily.csv,smap_soil_moisture_daily.csv,144213,95a868e0188f227afb30cb77fce5598d60a33e49a615a927688ac1a5674ca334,old_project_snapshot,downloaded,,Local old project untrained data snapshot; reference only.,False
old_arctic_doc_snowmelt_untrained_data,env:OLD_PROJECT_DIR,env:OLD_PROJECT_DIR/data/interim/by_river/mackenzie/station_point.geojson,local-copy:env:OLD_PROJECT_DIR/data/interim/by_river/mackenzie/station_point.geojson,2026-05-26T02:32:30Z,data/raw_external/old_project_snapshot/data/interim/by_river/mackenzie/station_point.geojson,station_point.geojson,386,88d56136bdbb82b9d864906590023bdda1353d77b9073b2b986e41dd66404bec,old_project_snapshot,downloaded,,Local old project untrained data snapshot; reference only.,False
old_arctic_doc_snowmelt_untrained_data,env:OLD_PROJECT_DIR,env:OLD_PROJECT_DIR/data/interim/by_river/ob/auto_roi_center_channel.geojson,local-copy:env:OLD_PROJECT_DIR/data/interim/by_river/ob/auto_roi_center_channel.geojson,2026-05-26T02:32:30Z,data/raw_external/old_project_snapshot/data/interim/by_river/ob/auto_roi_center_channel.geojson,auto_roi_center_channel.geojson,37278,790a75e28913caf776a082edbd9bbe2485e5c47ea49677bdc0ddec89da8c3124,old_project_snapshot,downloaded,,Local old project untrained data snapshot; reference only.,False
old_arctic_doc_snowmelt_untrained_data,env:OLD_PROJECT_DIR,env:OLD_PROJECT_DIR/data/interim/by_river/ob/auto_roi_qc_metrics.csv,local-copy:env:OLD_PROJECT_DIR/data/interim/by_river/ob/auto_roi_qc_metrics.csv,2026-05-26T02:32:30Z,data/raw_external/old_project_snapshot/data/interim/by_river/ob/auto_roi_qc_metrics.csv,auto_roi_qc_metrics.csv,568,5b12303cdf9dbe619ea2cf16b2a82751ab9248e759d5b588c8477029f8d0f648,old_project_snapshot,downloaded,,Local old project untrained data snapshot; reference only.,False
old_arctic_doc_snowmelt_untrained_data,env:OLD_PROJECT_DIR,env:OLD_PROJECT_DIR/data/interim/by_river/ob/core_rescue.geojson,local-copy:env:OLD_PROJECT_DIR/data/interim/by_river/ob/core_rescue.geojson,2026-05-26T02:32:30Z,data/raw_external/old_project_snapshot/data/interim/by_river/ob/core_rescue.geojson,core_rescue.geojson,22389,85e629715ab31bdc65abc1e375915d3474d12ee64ed4bed2cd91e7d3147cfc1e,old_project_snapshot,downloaded,,Local old project untrained data snapshot; reference only.,False
old_arctic_doc_snowmelt_untrained_data,env:OLD_PROJECT_DIR,env:OLD_PROJECT_DIR/data/interim/by_river/ob/daily_hydroclimate_features.csv,local-copy:env:OLD_PROJECT_DIR/data/interim/by_river/ob/daily_hydroclimate_features.csv,2026-05-26T02:32:30Z,data/raw_external/old_project_snapshot/data/interim/by_river/ob/daily_hydroclimate_features.csv,daily_hydroclimate_features.csv,265607,05dfca9b2bcdf23f747b05b11b696dace114e5453db1d17463d6f64584c2a509,old_project_snapshot,downloaded,,Local old project untrained data snapshot; reference only.,False
old_arctic_doc_snowmelt_untrained_data,env:OLD_PROJECT_DIR,env:OLD_PROJECT_DIR/data/interim/by_river/ob/era5_land_daily.csv,local-copy:env:OLD_PROJECT_DIR/data/interim/by_river/ob/era5_land_daily.csv,2026-05-26T02:32:30Z,data/raw_external/old_project_snapshot/data/interim/by_river/ob/era5_land_daily.csv,era5_land_daily.csv,185775,dbd55dc60707d7819ad08547623ef2f8d8b45aa2c11b2d06bbdc223e376da8fb,old_project_snapshot,downloaded,,Local old project untrained data snapshot; reference only.,False
old_arctic_doc_snowmelt_untrained_data,env:OLD_PROJECT_DIR,env:OLD_PROJECT_DIR/data/interim/by_river/ob/final_primary_roi.geojson,local-copy:env:OLD_PROJECT_DIR/data/interim/by_river/ob/final_primary_roi.geojson,2026-05-26T02:32:30Z,data/raw_external/old_project_snapshot/data/interim/by_river/ob/final_primary_roi.geojson,final_primary_roi.geojson,22904,cab45ff3c9b255e977286bc7a9e6d21aa50cb43232b2132233e77fbffc11e3fa,old_project_snapshot,downloaded,,Local old project untrained data snapshot; reference only.,False
old_arctic_doc_snowmelt_untrained_data,env:OLD_PROJECT_DIR,env:OLD_PROJECT_DIR/data/interim/by_river/ob/final_relaxed_roi.geojson,local-copy:env:OLD_PROJECT_DIR/data/interim/by_river/ob/final_relaxed_roi.geojson,2026-05-26T02:32:30Z,data/raw_external/old_project_snapshot/data/interim/by_river/ob/final_relaxed_roi.geojson,final_relaxed_roi.geojson,22571,b185c55a28b1a32a7365d1918a5d8c489b619654438c798c98ce14cca6500a4b,old_project_snapshot,downloaded,,Local old project untrained data snapshot; reference only.,False
old_arctic_doc_snowmelt_untrained_data,env:OLD_PROJECT_DIR,env:OLD_PROJECT_DIR/data/interim/by_river/ob/final_strict_roi.geojson,local-copy:env:OLD_PROJECT_DIR/data/interim/by_river/ob/final_strict_roi.geojson,2026-05-26T02:32:30Z,data/raw_external/old_project_snapshot/data/interim/by_river/ob/final_strict_roi.geojson,final_strict_roi.geojson,184826,5a618fd9c0dfd78e583836eb23955305b7807ab7fe5ba7db91449471d58a491c,old_project_snapshot,downloaded,,Local old project untrained data snapshot; reference only.,False
old_arctic_doc_snowmelt_untrained_data,env:OLD_PROJECT_DIR,env:OLD_PROJECT_DIR/data/interim/by_river/ob/hls_features.csv,local-copy:env:OLD_PROJECT_DIR/data/interim/by_river/ob/hls_features.csv,2026-05-26T02:32:31Z,data/raw_external/old_project_snapshot/data/interim/by_river/ob/hls_features.csv,hls_features.csv,653866,f39e0a589fe401e2fd99f36d206dcf3d148ff33cb6c6c749f2b0da4b5a059262,old_project_snapshot,downloaded,,Local old project untrained data snapshot; reference only.,False
old_arctic_doc_snowmelt_untrained_data,env:OLD_PROJECT_DIR,env:OLD_PROJECT_DIR/data/interim/by_river/ob/hls_reflectance_timeseries.csv,local-copy:env:OLD_PROJECT_DIR/data/interim/by_river/ob/hls_reflectance_timeseries.csv,2026-05-26T02:32:31Z,data/raw_external/old_project_snapshot/data/interim/by_river/ob/hls_reflectance_timeseries.csv,hls_reflectance_timeseries.csv,2559198,a4ba6ae6e91d79d9dd63d5d1db6c5b6e33cde083d71d2c14f00315c2b95d4987,old_project_snapshot,downloaded,,Local old project untrained data snapshot; reference only.,False
old_arctic_doc_snowmelt_untrained_data,env:OLD_PROJECT_DIR,env:OLD_PROJECT_DIR/data/interim/by_river/ob/initial_roi_buffer.geojson,local-copy:env:OLD_PROJECT_DIR/data/interim/by_river/ob/initial_roi_buffer.geojson,2026-05-26T02:32:31Z,data/raw_external/old_project_snapshot/data/interim/by_river/ob/initial_roi_buffer.geojson,initial_roi_buffer.geojson,37920,a358052ca3c7a432af422711d24d95875ec4b55810f43492080bb5800bcfb6ee,old_project_snapshot,downloaded,,Local old project untrained data snapshot; reference only.,False
old_arctic_doc_snowmelt_untrained_data,env:OLD_PROJECT_DIR,env:OLD_PROJECT_DIR/data/interim/by_river/ob/main_channel_corridor.geojson,local-copy:env:OLD_PROJECT_DIR/data/interim/by_river/ob/main_channel_corridor.geojson,2026-05-26T02:32:31Z,data/raw_external/old_project_snapshot/data/interim/by_river/ob/main_channel_corridor.geojson,main_channel_corridor.geojson,5794,44e56e0a263d43eab2703dc5b9bd4ea163f2bdeb76a9b868b277a973ccaaeaab,old_project_snapshot,downloaded,,Local old project untrained data snapshot; reference only.,False
old_arctic_doc_snowmelt_untrained_data,env:OLD_PROJECT_DIR,env:OLD_PROJECT_DIR/data/interim/by_river/ob/main_channel_corridor_snap_rescue.geojson,local-copy:env:OLD_PROJECT_DIR/data/interim/by_river/ob/main_channel_corridor_snap_rescue.geojson,2026-05-26T02:32:31Z,data/raw_external/old_project_snapshot/data/interim/by_river/ob/main_channel_corridor_snap_rescue.geojson,main_channel_corridor_snap_rescue.geojson,36719,1a6591964e28151a668b38c7c3ccd75f2103a6fd4a16dc64e36141534dc7980a,old_project_snapshot,downloaded,,Local old project untrained data snapshot; reference only.,False
old_arctic_doc_snowmelt_untrained_data,env:OLD_PROJECT_DIR,env:OLD_PROJECT_DIR/data/interim/by_river/ob/modis_snow_daily.csv,local-copy:env:OLD_PROJECT_DIR/data/interim/by_river/ob/modis_snow_daily.csv,2026-05-26T02:32:31Z,data/raw_external/old_project_snapshot/data/interim/by_river/ob/modis_snow_daily.csv,modis_snow_daily.csv,51850,daaa967f595dca8b65918f65628e3ddbe4411f936068effbb77aeec838e63ed6,old_project_snapshot,downloaded,,Local old project untrained data snapshot; reference only.,False
old_arctic_doc_snowmelt_untrained_data,env:OLD_PROJECT_DIR,env:OLD_PROJECT_DIR/data/interim/by_river/ob/roi_candidates_core.geojson,local-copy:env:OLD_PROJECT_DIR/data/interim/by_river/ob/roi_candidates_core.geojson,2026-05-26T02:32:31Z,data/raw_external/old_project_snapshot/data/interim/by_river/ob/roi_candidates_core.geojson,roi_candidates_core.geojson,1564264,bd2b4bbbf25a81ef0b3a88410757e28809ca8ffc4daeb93a25379a8a1ef400ad,old_project_snapshot,downloaded,,Local old project untrained data snapshot; reference only.,False
old_arctic_doc_snowmelt_untrained_data,env:OLD_PROJECT_DIR,env:OLD_PROJECT_DIR/data/interim/by_river/ob/roi_candidates_exploratory.geojson,local-copy:env:OLD_PROJECT_DIR/data/interim/by_river/ob/roi_candidates_exploratory.geojson,2026-05-26T02:32:31Z,data/raw_external/old_project_snapshot/data/interim/by_river/ob/roi_candidates_exploratory.geojson,roi_candidates_exploratory.geojson,2094351,eec2ecf384d051b3efe9d1fcffd606d2828e1b4c3111e7ea5d4cd58d0920affa,old_project_snapshot,downloaded,,Local old project untrained data snapshot; reference only.,False
old_arctic_doc_snowmelt_untrained_data,env:OLD_PROJECT_DIR,env:OLD_PROJECT_DIR/data/interim/by_river/ob/roi_candidates_relaxed.geojson,local-copy:env:OLD_PROJECT_DIR/data/interim/by_river/ob/roi_candidates_relaxed.geojson,2026-05-26T02:32:31Z,data/raw_external/old_project_snapshot/data/interim/by_river/ob/roi_candidates_relaxed.geojson,roi_candidates_relaxed.geojson,1953010,44ad609ca1c2ae7afa6377b5528372c6d4f838cde915fcb5c2d30615a73a5ffd,old_project_snapshot,downloaded,,Local old project untrained data snapshot; reference only.,False
old_arctic_doc_snowmelt_untrained_data,env:OLD_PROJECT_DIR,env:OLD_PROJECT_DIR/data/interim/by_river/ob/roi_core_constrained.geojson,local-copy:env:OLD_PROJECT_DIR/data/interim/by_river/ob/roi_core_constrained.geojson,2026-05-26T02:32:31Z,data/raw_external/old_project_snapshot/data/interim/by_river/ob/roi_core_constrained.geojson,roi_core_constrained.geojson,421156,9af1aca1a72ca1a83d9ec8b4b635f951185541bf0b20580f00091bef2ba4d3c7,old_project_snapshot,downloaded,,Local old project untrained data snapshot; reference only.,False
old_arctic_doc_snowmelt_untrained_data,env:OLD_PROJECT_DIR,env:OLD_PROJECT_DIR/data/interim/by_river/ob/roi_relaxed_constrained.geojson,local-copy:env:OLD_PROJECT_DIR/data/interim/by_river/ob/roi_relaxed_constrained.geojson,2026-05-26T02:32:31Z,data/raw_external/old_project_snapshot/data/interim/by_river/ob/roi_relaxed_constrained.geojson,roi_relaxed_constrained.geojson,284573,200d54a126b13a5d18fbed9513c62706365651b1e1e2049762e25bb69c3757db,old_project_snapshot,downloaded,,Local old project untrained data snapshot; reference only.,False
old_arctic_doc_snowmelt_untrained_data,env:OLD_PROJECT_DIR,env:OLD_PROJECT_DIR/data/interim/by_river/ob/sentinel2_reflectance_final_primary.csv,local-copy:env:OLD_PROJECT_DIR/data/interim/by_river/ob/sentinel2_reflectance_final_primary.csv,2026-05-26T02:32:31Z,data/raw_external/old_project_snapshot/data/interim/by_river/ob/sentinel2_reflectance_final_primary.csv,sentinel2_reflectance_final_primary.csv,464042,9ce4fb5daede51094882d3d61610f91f58fa8e6aaea36dc31449b579d21e11d5,old_project_snapshot,downloaded,,Local old project untrained data snapshot; reference only.,False
old_arctic_doc_snowmelt_untrained_data,env:OLD_PROJECT_DIR,env:OLD_PROJECT_DIR/data/interim/by_river/ob/smap_soil_moisture_daily.csv,local-copy:env:OLD_PROJECT_DIR/data/interim/by_river/ob/smap_soil_moisture_daily.csv,2026-05-26T02:32:31Z,data/raw_external/old_project_snapshot/data/interim/by_river/ob/smap_soil_moisture_daily.csv,smap_soil_moisture_daily.csv,188880,b145e3cc8f1efe523f291bd93209f62f7bf391bbea28f19d44c64d64c4f4cff0,old_project_snapshot,downloaded,,Local old project untrained data snapshot; reference only.,False
old_arctic_doc_snowmelt_untrained_data,env:OLD_PROJECT_DIR,env:OLD_PROJECT_DIR/data/interim/by_river/ob/station_point.geojson,local-copy:env:OLD_PROJECT_DIR/data/interim/by_river/ob/station_point.geojson,2026-05-26T02:32:31Z,data/raw_external/old_project_snapshot/data/interim/by_river/ob/station_point.geojson,station_point.geojson,370,c7b717d84f8c07fc80fdd7c1b98645b54e39c3ca697fbe8d4129e76d419509a9,old_project_snapshot,downloaded,,Local old project untrained data snapshot; reference only.,False
old_arctic_doc_snowmelt_untrained_data,env:OLD_PROJECT_DIR,env:OLD_PROJECT_DIR/data/interim/by_river/ob/trimmed_core.geojson,local-copy:env:OLD_PROJECT_DIR/data/interim/by_river/ob/trimmed_core.geojson,2026-05-26T02:32:31Z,data/raw_external/old_project_snapshot/data/interim/by_river/ob/trimmed_core.geojson,trimmed_core.geojson,184553,b8f694243db582473c5e439fdc2364ae116177d4a1909342103ecb18476cecd4,old_project_snapshot,downloaded,,Local old project untrained data snapshot; reference only.,False
old_arctic_doc_snowmelt_untrained_data,env:OLD_PROJECT_DIR,env:OLD_PROJECT_DIR/data/interim/by_river/yenisey/auto_roi_center_channel.geojson,local-copy:env:OLD_PROJECT_DIR/data/interim/by_river/yenisey/auto_roi_center_channel.geojson,2026-05-26T02:32:31Z,data/raw_external/old_project_snapshot/data/interim/by_river/yenisey/auto_roi_center_channel.geojson,auto_roi_center_channel.geojson,24599,cd710515574e33ab9cdc96105c3da51019a6799aa3d07cdff52d5eed1ae83e24,old_project_snapshot,downloaded,,Local old project untrained data snapshot; reference only.,False
old_arctic_doc_snowmelt_untrained_data,env:OLD_PROJECT_DIR,env:OLD_PROJECT_DIR/data/interim/by_river/yenisey/auto_roi_qc_metrics.csv,local-copy:env:OLD_PROJECT_DIR/data/interim/by_river/yenisey/auto_roi_qc_metrics.csv,2026-05-26T02:32:31Z,data/raw_external/old_project_snapshot/data/interim/by_river/yenisey/auto_roi_qc_metrics.csv,auto_roi_qc_metrics.csv,569,a44ee7d54ff5142b3480c380292194d7b3597a637d16b538b0f449a63aeb6566,old_project_snapshot,downloaded,,Local old project untrained data snapshot; reference only.,False
old_arctic_doc_snowmelt_untrained_data,env:OLD_PROJECT_DIR,env:OLD_PROJECT_DIR/data/interim/by_river/yenisey/core_rescue.geojson,local-copy:env:OLD_PROJECT_DIR/data/interim/by_river/yenisey/core_rescue.geojson,2026-05-26T02:32:31Z,data/raw_external/old_project_snapshot/data/interim/by_river/yenisey/core_rescue.geojson,core_rescue.geojson,223000,f713dfbf35487fbd925eeef3e989f9f6375d2c7c10bb043129de4d24476de7a4,old_project_snapshot,downloaded,,Local old project untrained data snapshot; reference only.,False
old_arctic_doc_snowmelt_untrained_data,env:OLD_PROJECT_DIR,env:OLD_PROJECT_DIR/data/interim/by_river/yenisey/daily_hydroclimate_features.csv,local-copy:env:OLD_PROJECT_DIR/data/interim/by_river/yenisey/daily_hydroclimate_features.csv,2026-05-26T02:32:31Z,data/raw_external/old_project_snapshot/data/interim/by_river/yenisey/daily_hydroclimate_features.csv,daily_hydroclimate_features.csv,260605,ca4b18e7a5c7ca08878900c1bd3ecad21c9cfeb8dbadfad643b04320bd7e5ef0,old_project_snapshot,downloaded,,Local old project untrained data snapshot; reference only.,False
old_arctic_doc_snowmelt_untrained_data,env:OLD_PROJECT_DIR,env:OLD_PROJECT_DIR/data/interim/by_river/yenisey/era5_land_daily.csv,local-copy:env:OLD_PROJECT_DIR/data/interim/by_river/yenisey/era5_land_daily.csv,2026-05-26T02:32:31Z,data/raw_external/old_project_snapshot/data/interim/by_river/yenisey/era5_land_daily.csv,era5_land_daily.csv,183854,7c119d8783a7670d70cdec97db90bb2d16a4c2177f8e837f66d4fb9700ca1380,old_project_snapshot,downloaded,,Local old project untrained data snapshot; reference only.,False
old_arctic_doc_snowmelt_untrained_data,env:OLD_PROJECT_DIR,env:OLD_PROJECT_DIR/data/interim/by_river/yenisey/final_primary_roi.geojson,local-copy:env:OLD_PROJECT_DIR/data/interim/by_river/yenisey/final_primary_roi.geojson,2026-05-26T02:32:31Z,data/raw_external/old_project_snapshot/data/interim/by_river/yenisey/final_primary_roi.geojson,final_primary_roi.geojson,11018,21cb7d251eb50390a7da679aa618fd366af882bcbc959486319489f0f2480f4a,old_project_snapshot,downloaded,,Local old project untrained data snapshot; reference only.,False
old_arctic_doc_snowmelt_untrained_data,env:OLD_PROJECT_DIR,env:OLD_PROJECT_DIR/data/interim/by_river/yenisey/final_relaxed_roi.geojson,local-copy:env:OLD_PROJECT_DIR/data/interim/by_river/yenisey/final_relaxed_roi.geojson,2026-05-26T02:32:31Z,data/raw_external/old_project_snapshot/data/interim/by_river/yenisey/final_relaxed_roi.geojson,final_relaxed_roi.geojson,10684,a7a60de7999536530e81d0faad51cabfe936db153cdf0d67909dfbcfe05243ad,old_project_snapshot,downloaded,,Local old project untrained data snapshot; reference only.,False
old_arctic_doc_snowmelt_untrained_data,env:OLD_PROJECT_DIR,env:OLD_PROJECT_DIR/data/interim/by_river/yenisey/final_strict_roi.geojson,local-copy:env:OLD_PROJECT_DIR/data/interim/by_river/yenisey/final_strict_roi.geojson,2026-05-26T02:32:31Z,data/raw_external/old_project_snapshot/data/interim/by_river/yenisey/final_strict_roi.geojson,final_strict_roi.geojson,6601,1069827fb18f8bf4452d7f475a88de69112ef1378b834acd91702979a1b5697a,old_project_snapshot,downloaded,,Local old project untrained data snapshot; reference only.,False
old_arctic_doc_snowmelt_untrained_data,env:OLD_PROJECT_DIR,env:OLD_PROJECT_DIR/data/interim/by_river/yenisey/hls_features.csv,local-copy:env:OLD_PROJECT_DIR/data/interim/by_river/yenisey/hls_features.csv,2026-05-26T02:32:31Z,data/raw_external/old_project_snapshot/data/interim/by_river/yenisey/hls_features.csv,hls_features.csv,556861,dfb958ea3457c3dd9b3a66bf7995e4f002adf9e6282b173630d805016865ef3c,old_project_snapshot,downloaded,,Local old project untrained data snapshot; reference only.,False
old_arctic_doc_snowmelt_untrained_data,env:OLD_PROJECT_DIR,env:OLD_PROJECT_DIR/data/interim/by_river/yenisey/hls_reflectance_timeseries.csv,local-copy:env:OLD_PROJECT_DIR/data/interim/by_river/yenisey/hls_reflectance_timeseries.csv,2026-05-26T02:32:31Z,data/raw_external/old_project_snapshot/data/interim/by_river/yenisey/hls_reflectance_timeseries.csv,hls_reflectance_timeseries.csv,2772600,cb761fe932da962afafc6fc85826c5d5af5c075385515a5aee215f4c025e4d70,old_project_snapshot,downloaded,,Local old project untrained data snapshot; reference only.,False
old_arctic_doc_snowmelt_untrained_data,env:OLD_PROJECT_DIR,env:OLD_PROJECT_DIR/data/interim/by_river/yenisey/initial_roi_buffer.geojson,local-copy:env:OLD_PROJECT_DIR/data/interim/by_river/yenisey/initial_roi_buffer.geojson,2026-05-26T02:32:31Z,data/raw_external/old_project_snapshot/data/interim/by_river/yenisey/initial_roi_buffer.geojson,initial_roi_buffer.geojson,37917,9a8b3e62b2af4d8f82581ce6741ec2f66a60983fea82458a5b5eb811862b9747,old_project_snapshot,downloaded,,Local old project untrained data snapshot; reference only.,False
old_arctic_doc_snowmelt_untrained_data,env:OLD_PROJECT_DIR,env:OLD_PROJECT_DIR/data/interim/by_river/yenisey/main_channel_corridor.geojson,local-copy:env:OLD_PROJECT_DIR/data/interim/by_river/yenisey/main_channel_corridor.geojson,2026-05-26T02:32:32Z,data/raw_external/old_project_snapshot/data/interim/by_river/yenisey/main_channel_corridor.geojson,main_channel_corridor.geojson,3651,e96ffe4abbd6b29a0d49b01c511784025fa3b7fa0fc668b21312a66223b68979,old_project_snapshot,downloaded,,Local old project untrained data snapshot; reference only.,False
old_arctic_doc_snowmelt_untrained_data,env:OLD_PROJECT_DIR,env:OLD_PROJECT_DIR/data/interim/by_river/yenisey/modis_snow_daily.csv,local-copy:env:OLD_PROJECT_DIR/data/interim/by_river/yenisey/modis_snow_daily.csv,2026-05-26T02:32:32Z,data/raw_external/old_project_snapshot/data/interim/by_river/yenisey/modis_snow_daily.csv,modis_snow_daily.csv,48932,5949529335485b3d5f76ca5b7a81524fb5b3c1e08615b47532da7081096a8723,old_project_snapshot,downloaded,,Local old project untrained data snapshot; reference only.,False
old_arctic_doc_snowmelt_untrained_data,env:OLD_PROJECT_DIR,env:OLD_PROJECT_DIR/data/interim/by_river/yenisey/relaxed_rescue.geojson,local-copy:env:OLD_PROJECT_DIR/data/interim/by_river/yenisey/relaxed_rescue.geojson,2026-05-26T02:32:32Z,data/raw_external/old_project_snapshot/data/interim/by_river/yenisey/relaxed_rescue.geojson,relaxed_rescue.geojson,58987,50ffb3aaa8cf8c355857d671c9e24cb3d97728ab40ccd7686cfea21ad49f3972,old_project_snapshot,downloaded,,Local old project untrained data snapshot; reference only.,False
old_arctic_doc_snowmelt_untrained_data,env:OLD_PROJECT_DIR,env:OLD_PROJECT_DIR/data/interim/by_river/yenisey/roi_candidates_core.geojson,local-copy:env:OLD_PROJECT_DIR/data/interim/by_river/yenisey/roi_candidates_core.geojson,2026-05-26T02:32:32Z,data/raw_external/old_project_snapshot/data/interim/by_river/yenisey/roi_candidates_core.geojson,roi_candidates_core.geojson,1357752,971ee599b86eef314b028373d96a2ac8456dfee2b3a33db9b2b3a41246dbdf72,old_project_snapshot,downloaded,,Local old project untrained data snapshot; reference only.,False
old_arctic_doc_snowmelt_untrained_data,env:OLD_PROJECT_DIR,env:OLD_PROJECT_DIR/data/interim/by_river/yenisey/roi_candidates_exploratory.geojson,local-copy:env:OLD_PROJECT_DIR/data/interim/by_river/yenisey/roi_candidates_exploratory.geojson,2026-05-26T02:32:32Z,data/raw_external/old_project_snapshot/data/interim/by_river/yenisey/roi_candidates_exploratory.geojson,roi_candidates_exploratory.geojson,2563673,e1a80b560de53778a484736ef081af4912a04ab853af126964d66473239a7b68,old_project_snapshot,downloaded,,Local old project untrained data snapshot; reference only.,False
old_arctic_doc_snowmelt_untrained_data,env:OLD_PROJECT_DIR,env:OLD_PROJECT_DIR/data/interim/by_river/yenisey/roi_candidates_relaxed.geojson,local-copy:env:OLD_PROJECT_DIR/data/interim/by_river/yenisey/roi_candidates_relaxed.geojson,2026-05-26T02:32:32Z,data/raw_external/old_project_snapshot/data/interim/by_river/yenisey/roi_candidates_relaxed.geojson,roi_candidates_relaxed.geojson,1841311,fe76ae8c1f73a0184b122982fee8a5d639195aad5df105375cd9e6585fc0d7e8,old_project_snapshot,downloaded,,Local old project untrained data snapshot; reference only.,False
old_arctic_doc_snowmelt_untrained_data,env:OLD_PROJECT_DIR,env:OLD_PROJECT_DIR/data/interim/by_river/yenisey/roi_core_constrained.geojson,local-copy:env:OLD_PROJECT_DIR/data/interim/by_river/yenisey/roi_core_constrained.geojson,2026-05-26T02:32:32Z,data/raw_external/old_project_snapshot/data/interim/by_river/yenisey/roi_core_constrained.geojson,roi_core_constrained.geojson,6518,9094dbaacfe43e3d0a049afddc3afc844df7b00e1a46a4912190090b1df3e520,old_project_snapshot,downloaded,,Local old project untrained data snapshot; reference only.,False
old_arctic_doc_snowmelt_untrained_data,env:OLD_PROJECT_DIR,env:OLD_PROJECT_DIR/data/interim/by_river/yenisey/roi_relaxed_constrained.geojson,local-copy:env:OLD_PROJECT_DIR/data/interim/by_river/yenisey/roi_relaxed_constrained.geojson,2026-05-26T02:32:32Z,data/raw_external/old_project_snapshot/data/interim/by_river/yenisey/roi_relaxed_constrained.geojson,roi_relaxed_constrained.geojson,2176877,7fd2d19754b6c5c7df19e292e3abe35ddc217d85249a490fe1738273b21dbae7,old_project_snapshot,downloaded,,Local old project untrained data snapshot; reference only.,False
old_arctic_doc_snowmelt_untrained_data,env:OLD_PROJECT_DIR,env:OLD_PROJECT_DIR/data/interim/by_river/yenisey/sentinel2_reflectance_final_primary.csv,local-copy:env:OLD_PROJECT_DIR/data/interim/by_river/yenisey/sentinel2_reflectance_final_primary.csv,2026-05-26T02:32:32Z,data/raw_external/old_project_snapshot/data/interim/by_river/yenisey/sentinel2_reflectance_final_primary.csv,sentinel2_reflectance_final_primary.csv,595092,8f5850baf460223bb41f3f578887085c79fce54be6978163e465709224444a20,old_project_snapshot,downloaded,,Local old project untrained data snapshot; reference only.,False
old_arctic_doc_snowmelt_untrained_data,env:OLD_PROJECT_DIR,env:OLD_PROJECT_DIR/data/interim/by_river/yenisey/smap_soil_moisture_daily.csv,local-copy:env:OLD_PROJECT_DIR/data/interim/by_river/yenisey/smap_soil_moisture_daily.csv,2026-05-26T02:32:32Z,data/raw_external/old_project_snapshot/data/interim/by_river/yenisey/smap_soil_moisture_daily.csv,smap_soil_moisture_daily.csv,188980,8d7754eb93847cb0676231ab13b922245b5c8c9fc953c64cdfad86756d2dcb70,old_project_snapshot,downloaded,,Local old project untrained data snapshot; reference only.,False
old_arctic_doc_snowmelt_untrained_data,env:OLD_PROJECT_DIR,env:OLD_PROJECT_DIR/data/interim/by_river/yenisey/station_point.geojson,local-copy:env:OLD_PROJECT_DIR/data/interim/by_river/yenisey/station_point.geojson,2026-05-26T02:32:32Z,data/raw_external/old_project_snapshot/data/interim/by_river/yenisey/station_point.geojson,station_point.geojson,375,dc5837f3f32a1f76bf071c2e9e7f4205a88d64c86be724bf25ca01445f6ddedb,old_project_snapshot,downloaded,,Local old project untrained data snapshot; reference only.,False
old_arctic_doc_snowmelt_untrained_data,env:OLD_PROJECT_DIR,env:OLD_PROJECT_DIR/data/interim/by_river/yukon/auto_roi_center_channel.geojson,local-copy:env:OLD_PROJECT_DIR/data/interim/by_river/yukon/auto_roi_center_channel.geojson,2026-05-26T02:32:32Z,data/raw_external/old_project_snapshot/data/interim/by_river/yukon/auto_roi_center_channel.geojson,auto_roi_center_channel.geojson,41291,4fd3770c2327c5deafdcf72f55493bbcecbf95929cf1e041f8a1bf8372b85c0a,old_project_snapshot,downloaded,,Local old project untrained data snapshot; reference only.,False
old_arctic_doc_snowmelt_untrained_data,env:OLD_PROJECT_DIR,env:OLD_PROJECT_DIR/data/interim/by_river/yukon/auto_roi_qc_metrics.csv,local-copy:env:OLD_PROJECT_DIR/data/interim/by_river/yukon/auto_roi_qc_metrics.csv,2026-05-26T02:32:32Z,data/raw_external/old_project_snapshot/data/interim/by_river/yukon/auto_roi_qc_metrics.csv,auto_roi_qc_metrics.csv,562,bf89dd9cad697bc780dd46b4c4b679f698f502c18b8d5f29e416b78e0f07778b,old_project_snapshot,downloaded,,Local old project untrained data snapshot; reference only.,False
old_arctic_doc_snowmelt_untrained_data,env:OLD_PROJECT_DIR,env:OLD_PROJECT_DIR/data/interim/by_river/yukon/daily_hydroclimate_features.csv,local-copy:env:OLD_PROJECT_DIR/data/interim/by_river/yukon/daily_hydroclimate_features.csv,2026-05-26T02:32:32Z,data/raw_external/old_project_snapshot/data/interim/by_river/yukon/daily_hydroclimate_features.csv,daily_hydroclimate_features.csv,263471,79768016f0ec4e1e82b6d79c03869fee38bddd93d33c91ae53f39d5d56d21317,old_project_snapshot,downloaded,,Local old project untrained data snapshot; reference only.,False
old_arctic_doc_snowmelt_untrained_data,env:OLD_PROJECT_DIR,env:OLD_PROJECT_DIR/data/interim/by_river/yukon/era5_land_daily.csv,local-copy:env:OLD_PROJECT_DIR/data/interim/by_river/yukon/era5_land_daily.csv,2026-05-26T02:32:32Z,data/raw_external/old_project_snapshot/data/interim/by_river/yukon/era5_land_daily.csv,era5_land_daily.csv,187329,bf08c5949266629aec6443f2600eb5d89f5f2a6a4023c6d29134bd13f29acbfb,old_project_snapshot,downloaded,,Local old project untrained data snapshot; reference only.,False
old_arctic_doc_snowmelt_untrained_data,env:OLD_PROJECT_DIR,env:OLD_PROJECT_DIR/data/interim/by_river/yukon/final_primary_roi.geojson,local-copy:env:OLD_PROJECT_DIR/data/interim/by_river/yukon/final_primary_roi.geojson,2026-05-26T02:32:32Z,data/raw_external/old_project_snapshot/data/interim/by_river/yukon/final_primary_roi.geojson,final_primary_roi.geojson,488616,923a7dbbba8abb339b9f59e28c58f549e19d6299449d9f39bb3b1819ae50dab2,old_project_snapshot,downloaded,,Local old project untrained data snapshot; reference only.,False
old_arctic_doc_snowmelt_untrained_data,env:OLD_PROJECT_DIR,env:OLD_PROJECT_DIR/data/interim/by_river/yukon/final_relaxed_roi.geojson,local-copy:env:OLD_PROJECT_DIR/data/interim/by_river/yukon/final_relaxed_roi.geojson,2026-05-26T02:32:32Z,data/raw_external/old_project_snapshot/data/interim/by_river/yukon/final_relaxed_roi.geojson,final_relaxed_roi.geojson,456281,654898222c96a5e9eb29c5f392723b445291bd798ff666e7dc9f61724cb55989,old_project_snapshot,downloaded,,Local old project untrained data snapshot; reference only.,False
old_arctic_doc_snowmelt_untrained_data,env:OLD_PROJECT_DIR,env:OLD_PROJECT_DIR/data/interim/by_river/yukon/final_strict_roi.geojson,local-copy:env:OLD_PROJECT_DIR/data/interim/by_river/yukon/final_strict_roi.geojson,2026-05-26T02:32:32Z,data/raw_external/old_project_snapshot/data/interim/by_river/yukon/final_strict_roi.geojson,final_strict_roi.geojson,500797,92171ff0325ff5e10c0f115b4aef50fd401c6b6085cd1cb875f6aa6c3fa9324d,old_project_snapshot,downloaded,,Local old project untrained data snapshot; reference only.,False
old_arctic_doc_snowmelt_untrained_data,env:OLD_PROJECT_DIR,env:OLD_PROJECT_DIR/data/interim/by_river/yukon/hls_features.csv,local-copy:env:OLD_PROJECT_DIR/data/interim/by_river/yukon/hls_features.csv,2026-05-26T02:32:32Z,data/raw_external/old_project_snapshot/data/interim/by_river/yukon/hls_features.csv,hls_features.csv,432214,6865f1f18ad9208270ee8951a72c78820e61b36ea05d2e47f6a19c62086af278,old_project_snapshot,downloaded,,Local old project untrained data snapshot; reference only.,False
old_arctic_doc_snowmelt_untrained_data,env:OLD_PROJECT_DIR,env:OLD_PROJECT_DIR/data/interim/by_river/yukon/hls_reflectance_timeseries.csv,local-copy:env:OLD_PROJECT_DIR/data/interim/by_river/yukon/hls_reflectance_timeseries.csv,2026-05-26T02:32:32Z,data/raw_external/old_project_snapshot/data/interim/by_river/yukon/hls_reflectance_timeseries.csv,hls_reflectance_timeseries.csv,2386741,349ef6f4df51ff1a9ff962b28e0a6585638ddda66fe11f36fa95055f6e337653,old_project_snapshot,downloaded,,Local old project untrained data snapshot; reference only.,False
old_arctic_doc_snowmelt_untrained_data,env:OLD_PROJECT_DIR,env:OLD_PROJECT_DIR/data/interim/by_river/yukon/initial_roi_buffer.geojson,local-copy:env:OLD_PROJECT_DIR/data/interim/by_river/yukon/initial_roi_buffer.geojson,2026-05-26T02:32:32Z,data/raw_external/old_project_snapshot/data/interim/by_river/yukon/initial_roi_buffer.geojson,initial_roi_buffer.geojson,38806,fa46111ba391001923c5c09dc1be6b6904b6eb85c7006322d5914779c635a23c,old_project_snapshot,downloaded,,Local old project untrained data snapshot; reference only.,False
old_arctic_doc_snowmelt_untrained_data,env:OLD_PROJECT_DIR,env:OLD_PROJECT_DIR/data/interim/by_river/yukon/main_channel_corridor.geojson,local-copy:env:OLD_PROJECT_DIR/data/interim/by_river/yukon/main_channel_corridor.geojson,2026-05-26T02:32:32Z,data/raw_external/old_project_snapshot/data/interim/by_river/yukon/main_channel_corridor.geojson,main_channel_corridor.geojson,7211,c1c1437c9951fd7690eecfc8489031179d2f61ed1acf24064f6f93219762538e,old_project_snapshot,downloaded,,Local old project untrained data snapshot; reference only.,False
old_arctic_doc_snowmelt_untrained_data,env:OLD_PROJECT_DIR,env:OLD_PROJECT_DIR/data/interim/by_river/yukon/modis_snow_daily.csv,local-copy:env:OLD_PROJECT_DIR/data/interim/by_river/yukon/modis_snow_daily.csv,2026-05-26T02:32:32Z,data/raw_external/old_project_snapshot/data/interim/by_river/yukon/modis_snow_daily.csv,modis_snow_daily.csv,47901,fc59a82f17663b76a8736fda3463e6a74914a8f2ee715f4b905024e2ccf67763,old_project_snapshot,downloaded,,Local old project untrained data snapshot; reference only.,False
old_arctic_doc_snowmelt_untrained_data,env:OLD_PROJECT_DIR,env:OLD_PROJECT_DIR/data/interim/by_river/yukon/roi_candidates_core.geojson,local-copy:env:OLD_PROJECT_DIR/data/interim/by_river/yukon/roi_candidates_core.geojson,2026-05-26T02:32:32Z,data/raw_external/old_project_snapshot/data/interim/by_river/yukon/roi_candidates_core.geojson,roi_candidates_core.geojson,1055087,f222fa5e0b33e1db770542050abaaaac5a926d6e518e34708f2facfe4f1691e9,old_project_snapshot,downloaded,,Local old project untrained data snapshot; reference only.,False
old_arctic_doc_snowmelt_untrained_data,env:OLD_PROJECT_DIR,env:OLD_PROJECT_DIR/data/interim/by_river/yukon/roi_candidates_exploratory.geojson,local-copy:env:OLD_PROJECT_DIR/data/interim/by_river/yukon/roi_candidates_exploratory.geojson,2026-05-26T02:32:32Z,data/raw_external/old_project_snapshot/data/interim/by_river/yukon/roi_candidates_exploratory.geojson,roi_candidates_exploratory.geojson,1232641,f8479a51518c22acce60933877b8e637ca7d78b7fe4c1c68b1547167638507d9,old_project_snapshot,downloaded,,Local old project untrained data snapshot; reference only.,False
old_arctic_doc_snowmelt_untrained_data,env:OLD_PROJECT_DIR,env:OLD_PROJECT_DIR/data/interim/by_river/yukon/roi_candidates_relaxed.geojson,local-copy:env:OLD_PROJECT_DIR/data/interim/by_river/yukon/roi_candidates_relaxed.geojson,2026-05-26T02:32:32Z,data/raw_external/old_project_snapshot/data/interim/by_river/yukon/roi_candidates_relaxed.geojson,roi_candidates_relaxed.geojson,1074605,eb78df0d226ac23fcede406a5e5ede61e5b3112c0fbe267c0e334c570a87674c,old_project_snapshot,downloaded,,Local old project untrained data snapshot; reference only.,False
old_arctic_doc_snowmelt_untrained_data,env:OLD_PROJECT_DIR,env:OLD_PROJECT_DIR/data/interim/by_river/yukon/roi_core_constrained.geojson,local-copy:env:OLD_PROJECT_DIR/data/interim/by_river/yukon/roi_core_constrained.geojson,2026-05-26T02:32:32Z,data/raw_external/old_project_snapshot/data/interim/by_river/yukon/roi_core_constrained.geojson,roi_core_constrained.geojson,488240,d937f90e446df62da645ddd30ffbc0f7bb9b4e07d81894cfa8b11910fcc1c21a,old_project_snapshot,downloaded,,Local old project untrained data snapshot; reference only.,False
old_arctic_doc_snowmelt_untrained_data,env:OLD_PROJECT_DIR,env:OLD_PROJECT_DIR/data/interim/by_river/yukon/roi_relaxed_constrained.geojson,local-copy:env:OLD_PROJECT_DIR/data/interim/by_river/yukon/roi_relaxed_constrained.geojson,2026-05-26T02:32:33Z,data/raw_external/old_project_snapshot/data/interim/by_river/yukon/roi_relaxed_constrained.geojson,roi_relaxed_constrained.geojson,456234,059dbb1fdd623dd6afb5fb162e88b3ae199bb5b3648ce94df224763f9e516468,old_project_snapshot,downloaded,,Local old project untrained data snapshot; reference only.,False
old_arctic_doc_snowmelt_untrained_data,env:OLD_PROJECT_DIR,env:OLD_PROJECT_DIR/data/interim/by_river/yukon/smap_soil_moisture_daily.csv,local-copy:env:OLD_PROJECT_DIR/data/interim/by_river/yukon/smap_soil_moisture_daily.csv,2026-05-26T02:32:33Z,data/raw_external/old_project_snapshot/data/interim/by_river/yukon/smap_soil_moisture_daily.csv,smap_soil_moisture_daily.csv,187711,091054e671255d1ed13a92e8b9be30ae34d6cfe08d1a97491599983c60f68fff,old_project_snapshot,downloaded,,Local old project untrained data snapshot; reference only.,False
old_arctic_doc_snowmelt_untrained_data,env:OLD_PROJECT_DIR,env:OLD_PROJECT_DIR/data/interim/by_river/yukon/station_point.geojson,local-copy:env:OLD_PROJECT_DIR/data/interim/by_river/yukon/station_point.geojson,2026-05-26T02:32:33Z,data/raw_external/old_project_snapshot/data/interim/by_river/yukon/station_point.geojson,station_point.geojson,383,c9398e6ea37b1d202aa45d8c2cce9ef34f75e4a4d6a1188f9a497ef62840b3ab,old_project_snapshot,downloaded,,Local old project untrained data snapshot; reference only.,False
old_arctic_doc_snowmelt_untrained_data,env:OLD_PROJECT_DIR,env:OLD_PROJECT_DIR/data/interim/daily_hydroclimate_features.csv,local-copy:env:OLD_PROJECT_DIR/data/interim/daily_hydroclimate_features.csv,2026-05-26T02:32:33Z,data/raw_external/old_project_snapshot/data/interim/daily_hydroclimate_features.csv,daily_hydroclimate_features.csv,265333,1236bdaafd4a57753ce6b6db1fb95d79f663ef2322c2ec880f91451dd27b2db9,old_project_snapshot,downloaded,,Local old project untrained data snapshot; reference only.,False
old_arctic_doc_snowmelt_untrained_data,env:OLD_PROJECT_DIR,env:OLD_PROJECT_DIR/data/interim/era5_land_daily.csv,local-copy:env:OLD_PROJECT_DIR/data/interim/era5_land_daily.csv,2026-05-26T02:32:33Z,data/raw_external/old_project_snapshot/data/interim/era5_land_daily.csv,era5_land_daily.csv,185895,08d29bd41655aa69480c9aa204be20e303aaff91d82b67dad2d4e94cf545748b,old_project_snapshot,downloaded,,Local old project untrained data snapshot; reference only.,False
old_arctic_doc_snowmelt_untrained_data,env:OLD_PROJECT_DIR,env:OLD_PROJECT_DIR/data/interim/era5_land_daily_template.csv,local-copy:env:OLD_PROJECT_DIR/data/interim/era5_land_daily_template.csv,2026-05-26T02:32:33Z,data/raw_external/old_project_snapshot/data/interim/era5_land_daily_template.csv,era5_land_daily_template.csv,145,855c59715e2ed5e6bcd7846e996b01a450b337ce6e29ac2fae61f86682af7a71,old_project_snapshot,downloaded,,Local old project untrained data snapshot; reference only.,False
old_arctic_doc_snowmelt_untrained_data,env:OLD_PROJECT_DIR,env:OLD_PROJECT_DIR/data/interim/hls_features.csv,local-copy:env:OLD_PROJECT_DIR/data/interim/hls_features.csv,2026-05-26T02:32:33Z,data/raw_external/old_project_snapshot/data/interim/hls_features.csv,hls_features.csv,350905,e9a736a5af4c92940bf64ebd8e9813d0fb873e1931a3b5ceeb634a9325f82c75,old_project_snapshot,downloaded,,Local old project untrained data snapshot; reference only.,False
old_arctic_doc_snowmelt_untrained_data,env:OLD_PROJECT_DIR,env:OLD_PROJECT_DIR/data/interim/hls_reflectance_timeseries.csv,local-copy:env:OLD_PROJECT_DIR/data/interim/hls_reflectance_timeseries.csv,2026-05-26T02:32:33Z,data/raw_external/old_project_snapshot/data/interim/hls_reflectance_timeseries.csv,hls_reflectance_timeseries.csv,2252264,f40e0955906780d141aa05a3cc9e586811d4ff0fac7e82e26b38846c1b5766f0,old_project_snapshot,downloaded,,Local old project untrained data snapshot; reference only.,False
old_arctic_doc_snowmelt_untrained_data,env:OLD_PROJECT_DIR,env:OLD_PROJECT_DIR/data/interim/hls_reflectance_timeseries_template.csv,local-copy:env:OLD_PROJECT_DIR/data/interim/hls_reflectance_timeseries_template.csv,2026-05-26T02:32:33Z,data/raw_external/old_project_snapshot/data/interim/hls_reflectance_timeseries_template.csv,hls_reflectance_timeseries_template.csv,245,b06c36a05a8321ee1a4bd67941e119a8f54b85b176780433dc4d710836e0e292,old_project_snapshot,downloaded,,Local old project untrained data snapshot; reference only.,False
old_arctic_doc_snowmelt_untrained_data,env:OLD_PROJECT_DIR,env:OLD_PROJECT_DIR/data/interim/initial_roi_buffer.geojson,local-copy:env:OLD_PROJECT_DIR/data/interim/initial_roi_buffer.geojson,2026-05-26T02:32:33Z,data/raw_external/old_project_snapshot/data/interim/initial_roi_buffer.geojson,initial_roi_buffer.geojson,38662,a43c7f09e48eb79b60b536d831bc4e6df4b3473743260e6b1b12aebe2362ba57,old_project_snapshot,downloaded,,Local old project untrained data snapshot; reference only.,False
old_arctic_doc_snowmelt_untrained_data,env:OLD_PROJECT_DIR,env:OLD_PROJECT_DIR/data/interim/longterm_hydroclimate/by_river/kolyma/era5_land_daily_2000_2024.csv,local-copy:env:OLD_PROJECT_DIR/data/interim/longterm_hydroclimate/by_river/kolyma/era5_land_daily_2000_2024.csv,2026-05-26T02:32:33Z,data/raw_external/old_project_snapshot/data/interim/longterm_hydroclimate/by_river/kolyma/era5_land_daily_2000_2024.csv,era5_land_daily_2000_2024.csv,607875,ae54d12c1cfad959a0e2c71e9ec5a5405b9dc63a295f314ca8cf9a27758dcf7c,old_project_snapshot,downloaded,,Local old project untrained data snapshot; reference only.,False
old_arctic_doc_snowmelt_untrained_data,env:OLD_PROJECT_DIR,env:OLD_PROJECT_DIR/data/interim/longterm_hydroclimate/by_river/kolyma/modis_snow_daily_2000_2024.csv,local-copy:env:OLD_PROJECT_DIR/data/interim/longterm_hydroclimate/by_river/kolyma/modis_snow_daily_2000_2024.csv,2026-05-26T02:32:33Z,data/raw_external/old_project_snapshot/data/interim/longterm_hydroclimate/by_river/kolyma/modis_snow_daily_2000_2024.csv,modis_snow_daily_2000_2024.csv,243635,0c2ed72054e5a763ed2b9133a819db559fa8bb935bfc073a7fa717793243b316,old_project_snapshot,downloaded,,Local old project untrained data snapshot; reference only.,False
old_arctic_doc_snowmelt_untrained_data,env:OLD_PROJECT_DIR,env:OLD_PROJECT_DIR/data/interim/longterm_hydroclimate/by_river/lena/era5_land_daily_2000_2024.csv,local-copy:env:OLD_PROJECT_DIR/data/interim/longterm_hydroclimate/by_river/lena/era5_land_daily_2000_2024.csv,2026-05-26T02:32:33Z,data/raw_external/old_project_snapshot/data/interim/longterm_hydroclimate/by_river/lena/era5_land_daily_2000_2024.csv,era5_land_daily_2000_2024.csv,605583,5773b00f72c704b59d786755a599ecf6ff3a28afaa4285123345de59a18e4ab6,old_project_snapshot,downloaded,,Local old project untrained data snapshot; reference only.,False
old_arctic_doc_snowmelt_untrained_data,env:OLD_PROJECT_DIR,env:OLD_PROJECT_DIR/data/interim/longterm_hydroclimate/by_river/lena/modis_snow_daily_2000_2024.csv,local-copy:env:OLD_PROJECT_DIR/data/interim/longterm_hydroclimate/by_river/lena/modis_snow_daily_2000_2024.csv,2026-05-26T02:32:33Z,data/raw_external/old_project_snapshot/data/interim/longterm_hydroclimate/by_river/lena/modis_snow_daily_2000_2024.csv,modis_snow_daily_2000_2024.csv,231569,0558098c19cb4396efa7ceab0e71d2946dd741ae656ef9642e637a0d010310e3,old_project_snapshot,downloaded,,Local old project untrained data snapshot; reference only.,False
old_arctic_doc_snowmelt_untrained_data,env:OLD_PROJECT_DIR,env:OLD_PROJECT_DIR/data/interim/longterm_hydroclimate/by_river/mackenzie/era5_land_daily_2000_2024.csv,local-copy:env:OLD_PROJECT_DIR/data/interim/longterm_hydroclimate/by_river/mackenzie/era5_land_daily_2000_2024.csv,2026-05-26T02:32:33Z,data/raw_external/old_project_snapshot/data/interim/longterm_hydroclimate/by_river/mackenzie/era5_land_daily_2000_2024.csv,era5_land_daily_2000_2024.csv,611986,121dbe146252ac5c5dfc0f41f51cae8e8042bf536e2f7dee1693fc2c59bb9d34,old_project_snapshot,downloaded,,Local old project untrained data snapshot; reference only.,False
old_arctic_doc_snowmelt_untrained_data,env:OLD_PROJECT_DIR,env:OLD_PROJECT_DIR/data/interim/longterm_hydroclimate/by_river/mackenzie/modis_snow_daily_2000_2024.csv,local-copy:env:OLD_PROJECT_DIR/data/interim/longterm_hydroclimate/by_river/mackenzie/modis_snow_daily_2000_2024.csv,2026-05-26T02:32:33Z,data/raw_external/old_project_snapshot/data/interim/longterm_hydroclimate/by_river/mackenzie/modis_snow_daily_2000_2024.csv,modis_snow_daily_2000_2024.csv,240038,206019314d75d0c695a865550f37ebb3ef05d783a262ed173cc894a58e354507,old_project_snapshot,downloaded,,Local old project untrained data snapshot; reference only.,False
old_arctic_doc_snowmelt_untrained_data,env:OLD_PROJECT_DIR,env:OLD_PROJECT_DIR/data/interim/longterm_hydroclimate/by_river/ob/era5_land_daily_2000_2024.csv,local-copy:env:OLD_PROJECT_DIR/data/interim/longterm_hydroclimate/by_river/ob/era5_land_daily_2000_2024.csv,2026-05-26T02:32:33Z,data/raw_external/old_project_snapshot/data/interim/longterm_hydroclimate/by_river/ob/era5_land_daily_2000_2024.csv,era5_land_daily_2000_2024.csv,606836,05dc676b4e75fee2fc99fcb36405d70e8df364f27cc964069c835f6c00c1b913,old_project_snapshot,downloaded,,Local old project untrained data snapshot; reference only.,False
old_arctic_doc_snowmelt_untrained_data,env:OLD_PROJECT_DIR,env:OLD_PROJECT_DIR/data/interim/longterm_hydroclimate/by_river/ob/modis_snow_daily_2000_2024.csv,local-copy:env:OLD_PROJECT_DIR/data/interim/longterm_hydroclimate/by_river/ob/modis_snow_daily_2000_2024.csv,2026-05-26T02:32:33Z,data/raw_external/old_project_snapshot/data/interim/longterm_hydroclimate/by_river/ob/modis_snow_daily_2000_2024.csv,modis_snow_daily_2000_2024.csv,236561,c93a2114bb09c2d3a8eb6624e9aadf8aa1b2d921cac430f9b3238f060a967158,old_project_snapshot,downloaded,,Local old project untrained data snapshot; reference only.,False
old_arctic_doc_snowmelt_untrained_data,env:OLD_PROJECT_DIR,env:OLD_PROJECT_DIR/data/interim/longterm_hydroclimate/by_river/yenisey/era5_land_daily_2000_2024.csv,local-copy:env:OLD_PROJECT_DIR/data/interim/longterm_hydroclimate/by_river/yenisey/era5_land_daily_2000_2024.csv,2026-05-26T02:32:33Z,data/raw_external/old_project_snapshot/data/interim/longterm_hydroclimate/by_river/yenisey/era5_land_daily_2000_2024.csv,era5_land_daily_2000_2024.csv,598118,1f0b85c16be286965f0235a0462f002c38277ea4ee73cc8d2de2296feb007d32,old_project_snapshot,downloaded,,Local old project untrained data snapshot; reference only.,False
old_arctic_doc_snowmelt_untrained_data,env:OLD_PROJECT_DIR,env:OLD_PROJECT_DIR/data/interim/longterm_hydroclimate/by_river/yenisey/modis_snow_daily_2000_2024.csv,local-copy:env:OLD_PROJECT_DIR/data/interim/longterm_hydroclimate/by_river/yenisey/modis_snow_daily_2000_2024.csv,2026-05-26T02:32:33Z,data/raw_external/old_project_snapshot/data/interim/longterm_hydroclimate/by_river/yenisey/modis_snow_daily_2000_2024.csv,modis_snow_daily_2000_2024.csv,235871,21f91ccdf3bb6dd68bb30bdeebe9e8af1ade49bf9ec084bac49158be4e1f17ff,old_project_snapshot,downloaded,,Local old project untrained data snapshot; reference only.,False
old_arctic_doc_snowmelt_untrained_data,env:OLD_PROJECT_DIR,env:OLD_PROJECT_DIR/data/interim/longterm_hydroclimate/by_river/yukon/era5_land_daily_2000_2024.csv,local-copy:env:OLD_PROJECT_DIR/data/interim/longterm_hydroclimate/by_river/yukon/era5_land_daily_2000_2024.csv,2026-05-26T02:32:33Z,data/raw_external/old_project_snapshot/data/interim/longterm_hydroclimate/by_river/yukon/era5_land_daily_2000_2024.csv,era5_land_daily_2000_2024.csv,611237,cfaef4e07abd356c3f5684a276ce2f77c233a97c5f904a583a7e6c47c4696d8b,old_project_snapshot,downloaded,,Local old project untrained data snapshot; reference only.,False
old_arctic_doc_snowmelt_untrained_data,env:OLD_PROJECT_DIR,env:OLD_PROJECT_DIR/data/interim/longterm_hydroclimate/by_river/yukon/modis_snow_daily_2000_2024.csv,local-copy:env:OLD_PROJECT_DIR/data/interim/longterm_hydroclimate/by_river/yukon/modis_snow_daily_2000_2024.csv,2026-05-26T02:32:33Z,data/raw_external/old_project_snapshot/data/interim/longterm_hydroclimate/by_river/yukon/modis_snow_daily_2000_2024.csv,modis_snow_daily_2000_2024.csv,225036,53accb194a62531c0e49bbaeccdad1f9e00e93940a6ab54080cc8ef9ade7a367,old_project_snapshot,downloaded,,Local old project untrained data snapshot; reference only.,False
old_arctic_doc_snowmelt_untrained_data,env:OLD_PROJECT_DIR,env:OLD_PROJECT_DIR/data/interim/modis_snow_daily.csv,local-copy:env:OLD_PROJECT_DIR/data/interim/modis_snow_daily.csv,2026-05-26T02:32:33Z,data/raw_external/old_project_snapshot/data/interim/modis_snow_daily.csv,modis_snow_daily.csv,51306,5dd041b052d1d038c5a95b7825bb33040ee2895748d967de42c2c195713c914b,old_project_snapshot,downloaded,,Local old project untrained data snapshot; reference only.,False
old_arctic_doc_snowmelt_untrained_data,env:OLD_PROJECT_DIR,env:OLD_PROJECT_DIR/data/interim/modis_snow_daily_template.csv,local-copy:env:OLD_PROJECT_DIR/data/interim/modis_snow_daily_template.csv,2026-05-26T02:32:33Z,data/raw_external/old_project_snapshot/data/interim/modis_snow_daily_template.csv,modis_snow_daily_template.csv,74,f053827cd1a9d307a867bc553fd465cbf059dc3c6f1ab38e9423acbb02d28af3,old_project_snapshot,downloaded,,Local old project untrained data snapshot; reference only.,False
old_arctic_doc_snowmelt_untrained_data,env:OLD_PROJECT_DIR,env:OLD_PROJECT_DIR/data/interim/station_point.geojson,local-copy:env:OLD_PROJECT_DIR/data/interim/station_point.geojson,2026-05-26T02:32:33Z,data/raw_external/old_project_snapshot/data/interim/station_point.geojson,station_point.geojson,386,88d56136bdbb82b9d864906590023bdda1353d77b9073b2b986e41dd66404bec,old_project_snapshot,downloaded,,Local old project untrained data snapshot; reference only.,False
wqp_usgs_yukon_candidate,https://www.waterqualitydata.us/,https://www.waterqualitydata.us/data/Station/search?countrycode=US&statecode=US%3A02&siteType=Stream&bBox=-164.2%2C61.2%2C-161.4%2C62.6&mimeType=csv&zip=no,https://www.waterqualitydata.us/data/Station/search?countrycode=US&statecode=US%3A02&siteType=Stream&bBox=-164.2%2C61.2%2C-161.4%2C62.6&mimeType=csv&zip=no,2026-05-26T04:24:38Z,data/raw_external/wqp_usgs/yukon_sites.csv,yukon_sites.csv,3676,85f2c2cbf9d2174354b23a6fe853e3034d649c78763316e65480c52d9c8a6935,live_service_query,downloaded,,https://www.waterqualitydata.us/,False
wqp_usgs_yukon_candidate,https://www.waterqualitydata.us/,,https://www.waterqualitydata.us/data/Result/search?countrycode=US&statecode=US%3A02&siteType=Stream&bBox=-164.2%2C61.2%2C-161.4%2C62.6&mimeType=csv&zip=no&characteristicName=Dissolved+organic+carbon,2026-05-26T04:24:39Z,data/raw_external/wqp_usgs/queries/dissolved_organic_carbon_results.csv,dissolved_organic_carbon_results.csv,,,live_service_query,failed,"HTTP 400; 299 WQP ""The value of characteristicName=Dissolved organic carbon is not in the list of enumerated values.""",https://www.waterqualitydata.us/,False
wqp_usgs_yukon_candidate,https://www.waterqualitydata.us/,https://www.waterqualitydata.us/data/Result/search?countrycode=US&statecode=US%3A02&siteType=Stream&bBox=-164.2%2C61.2%2C-161.4%2C62.6&mimeType=csv&zip=no&characteristicName=Organic+carbon,https://www.waterqualitydata.us/data/Result/search?countrycode=US&statecode=US%3A02&siteType=Stream&bBox=-164.2%2C61.2%2C-161.4%2C62.6&mimeType=csv&zip=no&characteristicName=Organic+carbon,2026-05-26T04:24:42Z,data/raw_external/wqp_usgs/queries/organic_carbon_results.csv,organic_carbon_results.csv,273704,a9545863480ad193f13f6b159117929993d3a312902d37485b3cf20d5f1da2a2,live_service_query,downloaded,,https://www.waterqualitydata.us/,False
wqp_usgs_yukon_candidate,https://www.waterqualitydata.us/,,https://www.waterqualitydata.us/data/Result/search?countrycode=US&statecode=US%3A02&siteType=Stream&bBox=-164.2%2C61.2%2C-161.4%2C62.6&mimeType=csv&zip=no&characteristicName=Total+organic+carbon,2026-05-26T04:24:43Z,data/raw_external/wqp_usgs/queries/total_organic_carbon_results.csv,total_organic_carbon_results.csv,,,live_service_query,failed,"HTTP 400; 299 WQP ""The value of characteristicName=Total organic carbon is not in the list of enumerated values.""",https://www.waterqualitydata.us/,False
wqp_usgs_yukon_candidate,https://www.waterqualitydata.us/,,https://www.waterqualitydata.us/data/Result/search?countrycode=US&statecode=US%3A02&siteType=Stream&bBox=-164.2%2C61.2%2C-161.4%2C62.6&mimeType=csv&zip=no&characteristicName=Dissolved+organic+matter,2026-05-26T04:24:43Z,data/raw_external/wqp_usgs/queries/dissolved_organic_matter_results.csv,dissolved_organic_matter_results.csv,,,live_service_query,failed,"HTTP 400; 299 WQP ""The value of characteristicName=Dissolved organic matter is not in the list of enumerated values.""",https://www.waterqualitydata.us/,False
wqp_usgs_yukon_candidate,https://www.waterqualitydata.us/,,https://www.waterqualitydata.us/data/Result/search?countrycode=US&statecode=US%3A02&siteType=Stream&bBox=-164.2%2C61.2%2C-161.4%2C62.6&mimeType=csv&zip=no&characteristicName=UV+Absorbance,2026-05-26T04:24:44Z,data/raw_external/wqp_usgs/queries/uv_absorbance_results.csv,uv_absorbance_results.csv,,,live_service_query,failed,"HTTP 400; 299 WQP ""The value of characteristicName=UV Absorbance is not in the list of enumerated values.""",https://www.waterqualitydata.us/,False
wqp_usgs_yukon_candidate,https://www.waterqualitydata.us/,,https://www.waterqualitydata.us/data/Result/search?countrycode=US&statecode=US%3A02&siteType=Stream&bBox=-164.2%2C61.2%2C-161.4%2C62.6&mimeType=csv&zip=no&characteristicName=Absorbance+at+254+nm,2026-05-26T04:24:44Z,data/raw_external/wqp_usgs/queries/absorbance_at_254_nm_results.csv,absorbance_at_254_nm_results.csv,,,live_service_query,failed,"HTTP 400; 299 WQP ""The value of characteristicName=Absorbance at 254 nm is not in the list of enumerated values.""",https://www.waterqualitydata.us/,False
wqp_usgs_yukon_candidate,https://www.waterqualitydata.us/,,https://www.waterqualitydata.us/data/Result/search?countrycode=US&statecode=US%3A02&siteType=Stream&bBox=-164.2%2C61.2%2C-161.4%2C62.6&mimeType=csv&zip=no&characteristicName=Specific+ultraviolet+absorbance,2026-05-26T04:24:45Z,data/raw_external/wqp_usgs/queries/specific_ultraviolet_absorbance_results.csv,specific_ultraviolet_absorbance_results.csv,,,live_service_query,failed,"HTTP 400; 299 WQP ""The value of characteristicName=Specific ultraviolet absorbance is not in the list of enumerated values.""",https://www.waterqualitydata.us/,False
wqp_usgs_yukon_candidate,https://www.waterqualitydata.us/,https://www.waterqualitydata.us/data/Result/search?countrycode=US&statecode=US%3A02&siteType=Stream&bBox=-164.2%2C61.2%2C-161.4%2C62.6&mimeType=csv&zip=no&characteristicName=Color,https://www.waterqualitydata.us/data/Result/search?countrycode=US&statecode=US%3A02&siteType=Stream&bBox=-164.2%2C61.2%2C-161.4%2C62.6&mimeType=csv&zip=no&characteristicName=Color,2026-05-26T04:24:46Z,data/raw_external/wqp_usgs/queries/color_results.csv,color_results.csv,5576,c011c6b89185bd06309f4a93a5ab8ef5752a7109fa39a6141428913d4e7fa132,live_service_query,downloaded,,https://www.waterqualitydata.us/,False
wqp_usgs_yukon_candidate,https://www.waterqualitydata.us/,https://www.waterqualitydata.us/data/Result/search?countrycode=US&statecode=US%3A02&siteType=Stream&bBox=-164.2%2C61.2%2C-161.4%2C62.6&mimeType=csv&zip=no&characteristicName=Turbidity,https://www.waterqualitydata.us/data/Result/search?countrycode=US&statecode=US%3A02&siteType=Stream&bBox=-164.2%2C61.2%2C-161.4%2C62.6&mimeType=csv&zip=no&characteristicName=Turbidity,2026-05-26T04:24:47Z,data/raw_external/wqp_usgs/queries/turbidity_results.csv,turbidity_results.csv,122782,b36924e20e059269027f465b50d6f3c75819494a820510ceb56263189a936aa5,live_service_query,downloaded,,https://www.waterqualitydata.us/,False
wqp_usgs_yukon_candidate,https://www.waterqualitydata.us/,,https://www.waterqualitydata.us/data/Result/search?countrycode=US&statecode=US%3A02&siteType=Stream&bBox=-164.2%2C61.2%2C-161.4%2C62.6&mimeType=csv&zip=no&characteristicName=Suspended+sediment+concentration,2026-05-26T04:24:47Z,data/raw_external/wqp_usgs/queries/suspended_sediment_concentration_results.csv,suspended_sediment_concentration_results.csv,,,live_service_query,failed,"HTTP 400; 299 WQP ""The value of characteristicName=Suspended sediment concentration is not in the list of enumerated values.""",https://www.waterqualitydata.us/,False
wqp_usgs_yukon_candidate,https://www.waterqualitydata.us/,,https://www.waterqualitydata.us/data/Result/search?countrycode=US&statecode=US%3A02&siteType=Stream&bBox=-164.2%2C61.2%2C-161.4%2C62.6&mimeType=csv&zip=no&characteristicName=Water+temperature,2026-05-26T04:24:48Z,data/raw_external/wqp_usgs/queries/water_temperature_results.csv,water_temperature_results.csv,,,live_service_query,failed,"HTTP 400; 299 WQP ""The value of characteristicName=Water temperature is not in the list of enumerated values.""",https://www.waterqualitydata.us/,False
wqp_usgs_yukon_candidate,https://www.waterqualitydata.us/,https://www.waterqualitydata.us/data/Result/search?countrycode=US&statecode=US%3A02&siteType=Stream&bBox=-164.2%2C61.2%2C-161.4%2C62.6&mimeType=csv&zip=no&characteristicName=Discharge,https://www.waterqualitydata.us/data/Result/search?countrycode=US&statecode=US%3A02&siteType=Stream&bBox=-164.2%2C61.2%2C-161.4%2C62.6&mimeType=csv&zip=no&characteristicName=Discharge,2026-05-26T04:24:48Z,data/raw_external/wqp_usgs/queries/discharge_results.csv,discharge_results.csv,1754,86a29ee0c9323c0dec6b90ee30afffe5c8a0ba4853ff6dc8d350f54430e3450f,live_service_query,downloaded,,https://www.waterqualitydata.us/,False
wqp_usgs_yukon_candidate,https://www.waterqualitydata.us/,combined:wqp_yukon_candidate_results,combined:wqp_yukon_candidate_results,2026-05-26T04:24:49Z,data/raw_external/wqp_usgs/yukon_results.csv,yukon_results.csv,408881,f6f8a0b07279744128f6cc4e26eab618e98519b2fc51e0f115d09e2781333c25,live_service_query,downloaded,,Water Quality Portal / USGS candidate data.,False
datastream_mackenzie_candidate,https://datastream.org/en-ca/documentation/api,https://datastream.org/en-ca/documentation/api,https://api.datastream.org/v1/odata/v4/Records?$filter=RegionId eq 'hub.mackenzie',2026-05-26T04:24:49Z,data/raw_external/datastream_mackenzie/results.csv,results.csv,,,live_api,failed,DATASTREAM_API_KEY is not configured; DataStream API requires x-api-key. Manual/API-key acquisition required.,DataStream API; citations and licences available from /Metadata endpoint.,False
arctic_data_center_tank_2023,https://doi.org/10.18739/A2VH5CK43,https://arcticdata.io/catalog/view/doi:10.18739/A2VH5CK43,https://doi.org/10.18739/A2VH5CK43,2026-05-26T04:24:51Z,data/raw_external/arctic_data_center/tank_2023/doi_landing_page.html,doi_landing_page.html,10360,2e42f6190b1a6796e89cfd35eeaca86a0ed4db1f35cec18f7a3322ea96b7a652,live_service_query,downloaded,,https://doi.org/10.18739/A2VH5CK43,False
partners_mdpi_eurasian_candidate,https://www.mdpi.com/,,https://www.mdpi.com/2073-4441/16/2/316,2026-05-26T04:24:51Z,data/raw_external/partners_mdpi/mdpi_2024_water_16_316_article.html,mdpi_2024_water_16_316_article.html,,,live_service_query,failed,HTTP 403;,https://www.mdpi.com/,False
partners_mdpi_eurasian_candidate,https://www.mdpi.com/,,https://www.mdpi.com/article/10.3390/w16020316/s1,2026-05-26T04:24:52Z,data/raw_external/partners_mdpi/mdpi_2024_water_16_316_supplement,mdpi_2024_water_16_316_supplement,,,live_service_query,failed,HTTP 403;,https://www.mdpi.com/,False
